date,open,high,low,close,volume,amount
2019-12-05,0.983,0.995,0.978,0.986,12225657.0,12005606.0
2019-12-06,0.993,0.996,0.982,0.984,28101146.0,27811112.0
2019-12-09,0.986,0.993,0.986,0.988,11001632.0,10891210.0
2019-12-10,0.987,0.99,0.984,0.987,5352405.0,5283263.0
2019-12-11,0.991,0.995,0.989,0.992,13580131.0,13472875.0
2019-12-12,0.99,0.99,0.985,0.985,8726203.0,8610363.0
2019-12-13,0.983,0.983,0.972,0.975,13274504.0,12977756.0
2019-12-16,0.978,0.983,0.977,0.983,9697398.0,9516556.0
2019-12-17,0.981,0.983,0.98,0.983,8184818.0,8035284.0
2019-12-18,0.984,0.988,0.984,0.986,9603415.0,9473833.0
2019-12-19,0.984,0.984,0.977,0.977,8368199.0,8202012.0
2019-12-20,0.98,0.981,0.975,0.977,5999404.0,5867378.0
2019-12-23,0.979,0.984,0.978,0.98,9694930.0,9506656.0
2019-12-24,0.982,0.983,0.979,0.981,4423303.0,4338252.0
2019-12-25,0.978,0.978,0.975,0.977,8451521.0,8254085.0
2019-12-26,0.976,0.977,0.973,0.976,13556209.0,13210227.0
2019-12-27,0.976,0.978,0.975,0.976,5457803.0,5329569.0
2019-12-30,0.976,0.988,0.975,0.988,14100918.0,13860925.0
2019-12-31,0.994,0.994,0.987,0.989,9011758.0,8912572.0
2020-01-02,0.989,0.992,0.986,0.988,11801411.0,11672903.0
2020-01-03,0.988,0.992,0.984,0.984,10536508.0,10412359.0
2020-01-06,0.979,0.98,0.976,0.978,11505511.0,11249379.0
2020-01-07,0.98,0.98,0.978,0.978,3960301.0,3877502.0
2020-01-08,0.975,0.979,0.972,0.975,17871116.0,17420574.0
2020-01-09,0.971,0.974,0.967,0.97,20616905.0,19991686.0
2020-01-10,0.965,0.965,0.955,0.956,29715915.0,28490555.0
2020-01-13,0.957,0.957,0.947,0.948,19432436.0,18484346.0
2020-01-14,0.953,0.953,0.948,0.95,36553305.0,34734123.0
2020-01-15,0.951,0.964,0.951,0.962,25127485.0,24068548.0
2020-01-16,0.957,0.959,0.955,0.959,10958403.0,10490223.0
2020-01-17,0.958,0.959,0.95,0.957,18864956.0,18008007.0
2020-01-20,0.956,0.958,0.955,0.957,6025110.0,5763561.0
2020-01-21,0.957,0.968,0.956,0.966,16167605.0,15562318.0
2020-01-22,0.956,0.957,0.951,0.954,30115401.0,28724335.0
2020-01-23,0.952,0.953,0.942,0.944,12211312.0,11577711.0
2020-02-03,0.908,0.922,0.908,0.919,17155040.0,15753754.0
2020-02-04,0.935,0.947,0.933,0.946,12239825.0,11489843.0
2020-02-05,0.944,0.945,0.939,0.942,11556400.0,10886897.0
2020-02-06,0.941,0.944,0.935,0.943,11302202.0,10620331.0
2020-02-07,0.941,0.942,0.938,0.94,7975800.0,7498644.0
2020-02-10,0.942,0.951,0.942,0.95,7389309.0,7001516.0
2020-02-11,0.947,0.951,0.945,0.948,5447602.0,5161888.0
2020-02-12,0.948,0.951,0.942,0.944,10083100.0,9552268.0
2020-02-13,0.95,0.96,0.946,0.959,18427950.0,17565022.0
2020-02-14,0.956,0.959,0.951,0.954,14035418.0,13401454.0
2020-02-17,0.958,0.962,0.956,0.958,15482721.0,14832096.0
2020-02-18,0.957,0.957,0.948,0.95,15787911.0,15008285.0
2020-02-19,0.95,0.952,0.946,0.951,10815804.0,10267976.0
2020-02-20,0.952,0.955,0.95,0.951,10026906.0,9549634.0
2020-02-21,0.954,0.956,0.95,0.951,7635918.0,7276702.0
2020-02-24,0.948,0.948,0.937,0.937,21197901.0,19956445.0
2020-02-25,0.937,0.942,0.936,0.942,13615918.0,12787912.0
2020-02-26,0.941,0.943,0.938,0.943,17292208.0,16262757.0
2020-02-27,0.946,0.951,0.944,0.945,16752919.0,15879576.0
2020-02-28,0.949,0.953,0.932,0.933,22513703.0,21254497.0
2020-03-02,0.945,0.972,0.943,0.971,50262349.0,48427470.0
2020-03-03,0.973,0.975,0.964,0.968,30720110.0,29759472.0
2020-03-04,0.967,0.979,0.964,0.968,30896208.0,29943351.0
2020-03-05,0.969,0.972,0.966,0.969,11097700.0,10744254.0
2020-03-06,0.965,0.965,0.96,0.964,19646302.0,18914315.0
2020-03-09,0.959,0.96,0.941,0.948,40488800.0,38395588.0
2020-03-10,0.953,0.958,0.95,0.957,9839401.0,9391456.0
2020-03-11,0.957,0.957,0.949,0.95,7750501.0,7381790.0
2020-03-12,0.949,0.95,0.942,0.946,10913100.0,10323865.0
2020-03-13,0.943,0.96,0.939,0.959,38515220.0,36610658.0
2020-03-16,0.966,0.976,0.956,0.959,52499612.0,50794259.0
2020-03-17,0.967,0.969,0.949,0.96,34477610.0,33027394.0
2020-03-18,0.963,0.969,0.957,0.958,21342504.0,20566343.0
2020-03-19,0.961,0.964,0.944,0.949,32913407.0,31253194.0
2020-03-20,0.969,0.979,0.969,0.977,28510909.0,27798623.0
2020-03-23,1.001,1.032,1.001,1.029,63902768.0,64732108.0
2020-03-24,1.038,1.038,1.007,1.015,65989325.0,66962448.0
2020-03-25,1.021,1.036,1.021,1.032,59636994.0,61396075.0
2020-03-26,1.019,1.021,1.002,1.005,43134102.0,43755854.0
2020-03-27,1.017,1.023,1.01,1.017,34123110.0,34706701.0
2020-03-30,1.04,1.043,1.025,1.026,58714925.0,60790853.0
2020-03-31,1.022,1.029,1.015,1.023,39305771.0,40152291.0
2020-04-01,1.022,1.024,0.987,0.993,114290703.0,114643351.0
2020-04-02,0.986,0.992,0.983,0.989,50857708.0,50258212.0
2020-04-03,0.984,0.984,0.974,0.976,56475401.0,55249935.0
2020-04-07,0.978,0.984,0.976,0.979,70105805.0,68646028.0
2020-04-08,0.98,0.982,0.977,0.981,52958590.0,51884726.0
2020-04-09,0.982,0.983,0.978,0.982,34312100.0,33641265.0
2020-04-10,0.984,0.99,0.982,0.983,48845910.0,48174140.0
2020-04-13,0.988,0.99,0.975,0.976,47884900.0,46970609.0
2020-04-14,0.972,0.977,0.969,0.976,37526090.0,36517362.0
2020-04-15,0.976,0.981,0.974,0.977,36999800.0,36169533.0
2020-04-16,0.975,0.975,0.961,0.962,60914600.0,58946231.0
2020-04-17,0.963,0.966,0.959,0.961,44847800.0,43160467.0
2020-04-20,0.953,0.955,0.95,0.951,49397282.0,47040730.0
2020-04-21,0.948,0.951,0.944,0.95,48283810.0,45751114.0
2020-04-22,0.958,0.96,0.951,0.96,57196200.0,54614862.0
2020-04-23,0.962,0.965,0.959,0.963,45143300.0,43403112.0
2020-04-24,0.962,0.962,0.956,0.959,44173800.0,42352807.0
2020-04-27,0.955,0.966,0.954,0.965,55212300.0,53053493.0
2020-04-28,0.961,0.961,0.95,0.951,72575611.0,69370577.0
2020-04-29,0.947,0.951,0.946,0.947,51526901.0,48856309.0
2020-04-30,0.948,0.95,0.946,0.949,26212385.0,24850882.0
2020-05-06,0.951,0.958,0.951,0.957,26792704.0,25558890.0
2020-05-07,0.959,0.959,0.955,0.956,29724410.0,28447289.0
2020-05-08,0.959,0.961,0.956,0.956,40765300.0,39036305.0
2020-05-11,0.96,0.961,0.948,0.95,50386906.0,48193479.0
2020-05-12,0.947,0.952,0.946,0.95,40236100.0,38157239.0
2020-05-13,0.95,0.95,0.944,0.946,43768100.0,41399064.0
2020-05-14,0.938,0.939,0.932,0.935,51335600.0,47997533.0
2020-05-15,0.937,0.94,0.936,0.937,26412105.0,24776110.0
2020-05-18,0.938,0.954,0.938,0.952,36314604.0,34455971.0
2020-05-19,0.952,0.952,0.946,0.95,22176303.0,21037851.0
2020-05-20,0.951,0.958,0.95,0.956,41877375.0,39961067.0
2020-05-21,0.956,0.956,0.948,0.95,25460900.0,24260893.0
2020-05-22,0.951,0.961,0.951,0.958,53986872.0,51651334.0
2020-05-25,0.965,0.97,0.964,0.967,27876603.0,26978015.0
2020-05-26,0.967,0.97,0.963,0.969,23493400.0,22723169.0
2020-05-27,0.978,0.983,0.976,0.98,34159108.0,33483304.0
2020-05-28,0.981,0.981,0.969,0.969,28789703.0,28040837.0
2020-05-29,0.971,0.975,0.968,0.973,33803252.0,32834352.0
2020-06-01,0.97,0.97,0.963,0.968,40457806.0,39079938.0
2020-06-02,0.968,0.972,0.964,0.966,18798400.0,18202579.0
2020-06-03,0.969,0.975,0.968,0.973,28753401.0,27964674.0
2020-06-04,0.979,0.988,0.979,0.985,36147580.0,35531388.0
2020-06-05,0.989,0.992,0.986,0.987,28375206.0,28068087.0
2020-06-08,0.984,0.986,0.976,0.976,32690101.0,32067082.0
2020-06-09,0.977,0.98,0.976,0.979,22492540.0,21993240.0
2020-06-10,0.977,0.98,0.974,0.979,13712800.0,13390929.0
2020-06-11,0.98,0.981,0.97,0.972,18837702.0,18364987.0
2020-06-12,0.977,0.984,0.977,0.984,44941793.0,44084590.0
2020-06-15,0.983,0.984,0.973,0.975,28369832.0,27767068.0
2020-06-16,0.982,0.986,0.981,0.983,32813146.0,32251216.0
2020-06-17,0.976,0.979,0.975,0.979,19896109.0,19436750.0
2020-06-18,0.978,0.981,0.976,0.979,29347405.0,28706904.0
2020-06-19,0.976,0.978,0.974,0.976,23453318.0,22897172.0
2020-06-22,0.981,0.984,0.98,0.981,21433900.0,21045239.0
2020-06-23,0.985,0.993,0.977,0.978,37115500.0,36444755.0
2020-06-24,0.977,0.981,0.976,0.979,22585080.0,22105085.0
2020-06-29,0.973,0.976,0.972,0.974,13832200.0,13473503.0
2020-06-30,0.975,0.977,0.974,0.976,8746900.0,8534095.0
2020-07-01,0.995,1.004,0.993,1.002,62284212.0,62135134.0
2020-07-02,1.011,1.012,1.003,1.006,24297630.0,24505965.0
2020-07-03,1.006,1.009,1.003,1.006,35151208.0,35362315.0
2020-07-06,1.013,1.016,1.011,1.014,49015349.0,49630875.0
2020-07-07,1.013,1.013,1.006,1.008,54735910.0,55207799.0
2020-07-08,1.002,1.006,1.0,1.004,29714425.0,29808550.0
2020-07-09,1.005,1.009,1.002,1.006,48891151.0,49128335.0
2020-07-10,1.007,1.016,1.007,1.011,60657266.0,61330881.0
2020-07-13,1.0,1.003,0.997,1.0,20060917.0,20036197.0
2020-07-14,0.996,0.998,0.995,0.998,12077606.0,12038085.0
2020-07-15,0.998,0.999,0.996,0.999,15687201.0,15646449.0
2020-07-16,0.998,1.011,0.997,1.006,34151626.0,34268168.0
2020-07-17,1.009,1.011,1.005,1.01,18995426.0,19138231.0
2020-07-20,1.01,1.016,1.009,1.016,26328698.0,26679737.0
2020-07-21,1.023,1.026,1.016,1.016,30709365.0,31389257.0
2020-07-22,1.019,1.02,1.015,1.02,16235400.0,16522246.0
2020-07-23,1.022,1.031,1.022,1.029,23778820.0,24405491.0
2020-07-24,1.032,1.047,1.032,1.046,40796200.0,42432112.0
2020-07-27,1.052,1.058,1.046,1.051,40202700.0,42325688.0
2020-07-28,1.03,1.035,1.02,1.021,33627210.0,34572182.0
2020-07-29,1.025,1.028,1.023,1.026,15237401.0,15629905.0
2020-07-30,1.019,1.025,1.018,1.021,17642100.0,18006650.0
2020-07-31,1.024,1.026,1.021,1.025,15094200.0,15452763.0
2020-08-03,1.028,1.03,1.02,1.027,25728800.0,26357357.0
2020-08-04,1.021,1.023,1.02,1.021,18593800.0,18984326.0
2020-08-05,1.011,1.015,1.008,1.01,26459000.0,26722312.0
2020-08-06,1.01,1.01,1.0,1.004,24899300.0,24996654.0
2020-08-07,1.0,1.008,1.0,1.003,22739310.0,22835936.0
2020-08-10,1.0,1.001,0.992,1.0,21824300.0,21746416.0
2020-08-11,1.003,1.004,0.996,0.997,17868200.0,17841456.0
2020-08-12,0.997,0.997,0.993,0.995,21353300.0,21250207.0
2020-08-13,1.002,1.01,1.001,1.006,28558900.0,28731107.0
2020-08-14,1.015,1.016,1.008,1.011,28827500.0,29168197.0
2020-08-17,1.013,1.015,1.008,1.014,31455502.0,31820151.0
2020-08-18,1.015,1.02,1.015,1.016,20138600.0,20483510.0
2020-08-19,1.014,1.014,1.007,1.014,21591200.0,21827001.0
2020-08-20,1.013,1.016,1.012,1.014,16042200.0,16259612.0
2020-08-21,1.0075,1.0085,1.0045,1.0085,15807607.0,15902334.0
2020-08-24,1.0045,1.0095,1.0015,1.0055,34197800.0,34365301.0
2020-08-25,1.0195,1.0205,1.0165,1.0175,21855800.0,22249167.0
2020-08-26,1.0245,1.0285,1.0245,1.0265,27297000.0,28003597.0
2020-08-27,1.0215,1.0235,1.0195,1.0225,17509700.0,17868075.0
2020-08-28,1.03,1.033,1.023,1.024,20274604.0,20852356.0
2020-08-31,1.038,1.043,1.038,1.041,22898501.0,23822772.0
2020-09-01,1.025,1.031,1.024,1.029,29305400.0,30140486.0
2020-09-02,1.03,1.03,1.026,1.028,9662900.0,9924629.0
2020-09-03,1.031,1.032,1.022,1.023,33320002.0,34252374.0
2020-09-04,1.024,1.042,1.024,1.042,36697900.0,37839678.0
2020-09-07,1.051,1.053,1.045,1.046,50102000.0,52549950.0
2020-09-08,1.046,1.054,1.042,1.049,33161900.0,34769049.0
2020-09-09,1.044,1.045,1.038,1.04,21502000.0,22387528.0
2020-09-10,1.047,1.052,1.044,1.047,15828200.0,16595597.0
2020-09-11,1.049,1.071,1.046,1.069,38092428.0,40456696.0
2020-09-14,1.09,1.099,1.083,1.087,47057401.0,51315026.0
2020-09-15,1.089,1.093,1.086,1.09,22062101.0,24008644.0
2020-09-16,1.08,1.08,1.063,1.07,28899431.0,30938188.0
2020-09-17,1.085,1.087,1.071,1.072,35070310.0,37771268.0
2020-09-18,1.103,1.105,1.095,1.104,31875704.0,35069887.0
2020-09-21,1.104,1.104,1.093,1.094,24370150.0,26725359.0
2020-09-22,1.08,1.09,1.077,1.081,26455760.0,28666197.0
2020-09-23,1.085,1.089,1.071,1.076,30267010.0,32710404.0
2020-09-24,1.077,1.08,1.068,1.077,21826330.0,23458212.0
2020-09-25,1.075,1.076,1.071,1.072,17060200.0,18312337.0
2020-09-28,1.081,1.085,1.073,1.081,33019800.0,35688886.0
2020-09-29,1.075,1.076,1.07,1.072,12988100.0,13938717.0
2020-09-30,1.074,1.083,1.073,1.078,25371800.0,27313525.0
2020-10-09,1.136,1.143,1.132,1.14,39900503.0,45413521.0
2020-10-12,1.143,1.153,1.14,1.149,27668103.0,31686237.0
2020-10-13,1.125,1.135,1.123,1.129,68738800.0,77435661.0
2020-10-14,1.129,1.129,1.119,1.127,55566500.0,62524918.0
2020-10-15,1.128,1.134,1.122,1.127,26111300.0,29458267.0
2020-10-16,1.137,1.144,1.135,1.144,22532800.0,25657534.0
2020-10-19,1.138,1.143,1.108,1.143,32258600.0,36576690.0
2020-10-20,1.14,1.157,1.14,1.146,12681600.0,14562920.0
2020-10-21,1.148,1.16,1.145,1.145,61818300.0,71198440.0
2020-10-22,1.148,1.158,1.145,1.145,39866700.0,45889776.0
2020-10-23,1.145,1.146,1.131,1.131,22936500.0,26098240.0
2020-10-26,1.144,1.147,1.134,1.139,16114603.0,18408270.0
2020-10-27,1.137,1.141,1.134,1.135,13121800.0,14910594.0
2020-10-28,1.131,1.138,1.125,1.13,20159400.0,22871227.0
2020-10-29,1.12,1.122,1.111,1.119,18029003.0,20131366.0
2020-10-30,1.118,1.123,1.112,1.117,25647109.0,28640742.0
2020-11-02,1.119,1.121,1.106,1.107,29656300.0,32963251.0
2020-11-03,1.108,1.115,1.108,1.113,17563100.0,19533314.0
2020-11-04,1.117,1.122,1.113,1.122,11869400.0,13262243.0
2020-11-05,1.138,1.15,1.137,1.145,30212511.0,34564760.0
2020-11-06,1.146,1.152,1.143,1.145,21707201.0,24914726.0
2020-11-09,1.145,1.145,1.131,1.133,19278400.0,21879204.0
2020-11-10,1.139,1.141,1.127,1.137,28920000.0,32803339.0
2020-11-11,1.161,1.174,1.161,1.173,42045500.0,49129622.0
2020-11-12,1.173,1.173,1.16,1.162,33000500.0,38442921.0
2020-11-13,1.164,1.164,1.147,1.153,18458200.0,21261689.0
2020-11-16,1.154,1.158,1.145,1.149,13145800.0,15127759.0
2020-11-17,1.15,1.158,1.146,1.158,20321300.0,23347252.0
2020-11-18,1.16,1.167,1.151,1.158,10180700.0,11770246.0
2020-11-19,1.158,1.163,1.155,1.162,11506300.0,13335190.0
2020-11-20,1.165,1.179,1.162,1.177,11233300.0,13151836.0
2020-11-23,1.187,1.196,1.187,1.192,16951700.0,20210734.0
2020-11-24,1.185,1.192,1.181,1.186,19216600.0,22793970.0
2020-11-25,1.187,1.188,1.178,1.181,19717200.0,23329590.0
2020-11-26,1.176,1.183,1.173,1.18,14292500.0,16836759.0
2020-11-27,1.174,1.181,1.17,1.175,7462010.0,8776056.0
2020-11-30,1.185,1.186,1.166,1.181,12424800.0,14607161.0
2020-12-01,1.17,1.17,1.157,1.158,13026000.0,15119321.0
2020-12-02,1.153,1.153,1.14,1.14,18290700.0,20938437.0
2020-12-03,1.138,1.138,1.13,1.134,13342000.0,15119670.0
2020-12-04,1.138,1.142,1.131,1.142,13193001.0,14974633.0
2020-12-07,1.135,1.14,1.126,1.138,17273700.0,19563547.0
2020-12-08,1.138,1.139,1.13,1.13,11917800.0,13504116.0
2020-12-09,1.133,1.135,1.129,1.131,10713500.0,12131566.0
2020-12-10,1.142,1.15,1.138,1.15,21171600.0,24223909.0
2020-12-11,1.14,1.14,1.129,1.131,19026300.0,21581220.0
2020-12-14,1.133,1.14,1.133,1.137,6480400.0,7368681.0
2020-12-15,1.135,1.136,1.122,1.134,13336500.0,15042904.0
2020-12-16,1.147,1.15,1.145,1.149,7973100.0,9149048.0
2020-12-17,1.148,1.153,1.145,1.149,9583500.0,11018174.0
2020-12-18,1.162,1.167,1.159,1.165,16686800.0,19415624.0
2020-12-21,1.179,1.202,1.178,1.201,28092601.0,33411895.0
2020-12-22,1.218,1.223,1.205,1.211,21972000.0,26661342.0
2020-12-23,1.208,1.217,1.202,1.213,22937703.0,27771730.0
2020-12-24,1.214,1.217,1.205,1.205,12428606.0,15038399.0
2020-12-25,1.195,1.207,1.192,1.206,13472700.0,16182734.0
2020-12-28,1.218,1.218,1.203,1.205,5908400.0,7157471.0
2020-12-29,1.2,1.203,1.188,1.196,13473400.0,16104726.0
2020-12-30,1.22,1.233,1.219,1.229,12984400.0,15921902.0
2020-12-31,1.248,1.271,1.248,1.271,20903703.0,26284522.0
2021-01-04,1.273,1.296,1.269,1.277,36896701.0,47206141.0
2021-01-05,1.265,1.279,1.261,1.279,38838900.0,49180790.0
2021-01-06,1.297,1.299,1.282,1.29,22657900.0,29224043.0
2021-01-07,1.288,1.29,1.281,1.286,11466800.0,14742760.0
2021-01-08,1.277,1.295,1.273,1.291,19175400.0,24621680.0
2021-01-11,1.316,1.326,1.309,1.322,18950700.0,24981651.0
2021-01-12,1.328,1.328,1.315,1.326,13591000.0,17974212.0
2021-01-13,1.376,1.388,1.371,1.385,31750001.0,43725308.0
2021-01-14,1.376,1.376,1.357,1.37,21725856.0,29686235.0
2021-01-15,1.375,1.38,1.358,1.364,26567900.0,36350306.0
2021-01-18,1.364,1.364,1.337,1.34,37601601.0,50494834.0
2021-01-19,1.342,1.344,1.329,1.337,23001800.0,30757980.0
2021-01-20,1.298,1.3,1.28,1.296,33340802.0,43045133.0
2021-01-21,1.302,1.309,1.299,1.306,28129700.0,36667792.0
2021-01-22,1.283,1.287,1.267,1.274,25999400.0,33173415.0
2021-01-25,1.258,1.258,1.244,1.253,19828400.0,24745404.0
2021-01-26,1.264,1.27,1.255,1.257,15809500.0,19984183.0
2021-01-27,1.276,1.298,1.274,1.291,27088403.0,34797488.0
2021-01-28,1.287,1.287,1.272,1.275,14098100.0,18050641.0
2021-01-29,1.269,1.276,1.263,1.276,13467200.0,17080052.0
2021-02-01,1.273,1.287,1.268,1.275,11774900.0,15038798.0
2021-02-02,1.265,1.266,1.25,1.25,14242000.0,17924632.0
2021-02-03,1.239,1.25,1.232,1.248,11970400.0,14822316.0
2021-02-04,1.26,1.277,1.26,1.276,13231300.0,16768279.0
2021-02-05,1.277,1.292,1.272,1.29,12274200.0,15731326.0
2021-02-08,1.29,1.29,1.262,1.267,14892000.0,18947480.0
2021-02-09,1.275,1.298,1.275,1.289,15086102.0,19440823.0
2021-02-10,1.275,1.276,1.265,1.272,14768300.0,18760251.0
2021-02-18,1.28,1.285,1.272,1.279,15112000.0,19305106.0
2021-02-19,1.269,1.269,1.258,1.267,20336715.0,25680218.0
2021-02-22,1.281,1.29,1.277,1.285,34191303.0,43823287.0
2021-02-23,1.28,1.318,1.273,1.318,32381300.0,42017208.0
2021-02-24,1.318,1.326,1.311,1.317,34508100.0,45447190.0
2021-02-25,1.313,1.321,1.308,1.311,30543900.0,40144115.0
2021-02-26,1.265,1.273,1.23,1.255,20973000.0,26476784.0
2021-03-01,1.26,1.267,1.253,1.256,9567600.0,12049267.0
2021-03-02,1.246,1.246,1.222,1.226,27554700.0,33899774.0
2021-03-03,1.241,1.252,1.241,1.246,17869200.0,22276801.0
2021-03-04,1.236,1.24,1.226,1.227,18962100.0,23404298.0
2021-03-05,1.222,1.238,1.213,1.23,18165800.0,22270610.0
2021-03-08,1.252,1.259,1.246,1.253,24591300.0,30836974.0
2021-03-09,1.24,1.244,1.228,1.229,15603400.0,19257173.0
2021-03-10,1.228,1.23,1.194,1.196,26148200.0,31642077.0
2021-03-11,1.16,1.174,1.155,1.172,39479200.0,45963725.0
2021-03-12,1.176,1.179,1.167,1.172,28467590.0,33427404.0
2021-03-15,1.176,1.179,1.166,1.177,23452400.0,27508210.0
2021-03-16,1.182,1.184,1.168,1.183,26697600.0,31425308.0
2021-03-17,1.196,1.202,1.19,1.195,9719400.0,11622459.0
2021-03-18,1.191,1.201,1.18,1.19,38262900.0,45517859.0
2021-03-19,1.182,1.195,1.179,1.191,14709000.0,17488793.0
2021-03-22,1.216,1.216,1.199,1.205,13770100.0,16591525.0
2021-03-23,1.188,1.199,1.179,1.195,21645300.0,25685313.0
2021-03-24,1.198,1.214,1.197,1.212,10953000.0,13214546.0
2021-03-25,1.22,1.22,1.211,1.213,14146500.0,17182061.0
2021-03-26,1.219,1.231,1.219,1.23,15505200.0,19009724.0
2021-03-29,1.214,1.222,1.213,1.214,16802500.0,20429510.0
2021-03-30,1.211,1.215,1.206,1.214,13022700.0,15779623.0
2021-03-31,1.202,1.21,1.2,1.208,8929300.0,10765357.0
2021-04-01,1.275,1.279,1.253,1.26,34272600.0,43410018.0
2021-04-02,1.25,1.257,1.245,1.251,15725000.0,19674251.0
2021-04-06,1.251,1.257,1.245,1.249,26082900.0,32645754.0
2021-04-07,1.249,1.271,1.247,1.268,20156542.0,25318235.0
2021-04-08,1.261,1.264,1.256,1.259,13438105.0,16931586.0
2021-04-09,1.264,1.265,1.252,1.263,11852000.0,14922742.0
2021-04-12,1.249,1.254,1.234,1.235,10993900.0,13678039.0
2021-04-13,1.235,1.237,1.23,1.232,10824600.0,13346126.0
2021-04-14,1.228,1.231,1.222,1.226,12290400.0,15062170.0
2021-04-15,1.237,1.245,1.225,1.244,16040000.0,19799556.0
2021-04-16,1.252,1.264,1.251,1.261,14454900.0,18212668.0
2021-04-19,1.263,1.274,1.259,1.26,14484100.0,18319014.0
2021-04-20,1.272,1.287,1.271,1.28,12220324.0,15660833.0
2021-04-21,1.279,1.288,1.276,1.284,9015400.0,11567979.0
2021-04-22,1.3,1.309,1.299,1.302,10093100.0,13165220.0
2021-04-23,1.309,1.312,1.302,1.308,14699100.0,19198316.0
2021-04-26,1.324,1.324,1.304,1.312,13977900.0,18326346.0
2021-04-27,1.317,1.326,1.314,1.325,14144400.0,18697385.0
2021-04-28,1.289,1.301,1.284,1.296,11311301.0,14628211.0
2021-04-29,1.293,1.294,1.282,1.284,15404500.0,19821883.0
2021-04-30,1.285,1.288,1.27,1.274,22234700.0,28407188.0
2021-05-06,1.301,1.321,1.301,1.313,22998300.0,30182264.0
2021-05-07,1.335,1.348,1.327,1.33,11983900.0,16038324.0
2021-05-10,1.326,1.328,1.314,1.321,11280600.0,14882744.0
2021-05-11,1.312,1.318,1.305,1.315,11661100.0,15282418.0
2021-05-12,1.341,1.357,1.34,1.354,11835900.0,15983019.0
2021-05-13,1.32,1.322,1.23,1.322,18202600.0,23916944.0
2021-05-14,1.293,1.303,1.283,1.29,13147600.0,16956490.0
2021-05-17,1.284,1.3,1.275,1.3,9493900.0,12208226.0
2021-05-18,1.3,1.302,1.29,1.298,8028100.0,10401075.0
2021-05-19,1.281,1.291,1.278,1.279,11845400.0,15202113.0
2021-05-20,1.274,1.279,1.271,1.278,10956700.0,13968658.0
2021-05-21,1.274,1.274,1.262,1.264,11992300.0,15186934.0
2021-05-24,1.251,1.27,1.248,1.266,8355000.0,10523903.0
2021-05-25,1.271,1.274,1.265,1.271,10680900.0,13562441.0
2021-05-26,1.257,1.264,1.252,1.26,12403900.0,15624225.0
2021-05-27,1.256,1.256,1.246,1.248,13405800.0,16768807.0
2021-05-28,1.268,1.275,1.264,1.266,14342800.0,18214387.0
2021-05-31,1.266,1.269,1.261,1.263,7323100.0,9256360.0
2021-06-01,1.273,1.28,1.268,1.268,10042300.0,12793567.0
2021-06-02,1.276,1.28,1.274,1.279,7771400.0,9925457.0
2021-06-03,1.275,1.291,1.274,1.289,9924500.0,12742202.0
2021-06-04,1.269,1.274,1.261,1.269,11691900.0,14803277.0
2021-06-07,1.295,1.302,1.295,1.3,12722800.0,16513348.0
2021-06-08,1.293,1.299,1.286,1.299,11818100.0,15298628.0
2021-06-09,1.303,1.309,1.295,1.298,10365600.0,13497785.0
2021-06-10,1.297,1.301,1.291,1.299,5213300.0,6758311.0
2021-06-11,1.305,1.313,1.298,1.305,7365500.0,9603196.0
2021-06-15,1.264,1.268,1.249,1.252,23851400.0,29927501.0
2021-06-16,1.249,1.25,1.243,1.244,10640520.0,13260069.0
2021-06-17,1.237,1.24,1.234,1.236,9199100.0,11380783.0
2021-06-18,1.203,1.213,1.195,1.21,11331700.0,13633234.0
2021-06-21,1.215,1.22,1.214,1.217,6290800.0,7652797.0
2021-06-22,1.222,1.223,1.216,1.218,4487220.0,5468847.0
2021-06-23,1.216,1.222,1.212,1.214,10443100.0,12690905.0
2021-06-24,1.207,1.219,1.207,1.218,5749100.0,6985510.0
2021-06-25,1.218,1.222,1.217,1.221,8446800.0,10298348.0
2021-06-28,1.219,1.239,1.219,1.239,13979500.0,17184874.0
2021-06-29,1.242,1.249,1.24,1.243,16639600.0,20687789.0
2021-06-30,1.246,1.256,1.242,1.253,16330300.0,20365048.0
2021-07-01,1.3,1.306,1.295,1.306,14624000.0,19024994.0
2021-07-02,1.319,1.329,1.317,1.329,13403200.0,17743956.0
2021-07-05,1.312,1.317,1.302,1.312,11130000.0,14597211.0
2021-07-06,1.309,1.313,1.3,1.303,14545800.0,18973729.0
2021-07-07,1.281,1.281,1.27,1.281,18861900.0,24051117.0
2021-07-08,1.276,1.286,1.275,1.285,8562700.0,10963901.0
2021-07-09,1.285,1.292,1.283,1.285,5496300.0,7071174.0
2021-07-12,1.288,1.293,1.28,1.286,3512800.0,4521728.0
2021-07-13,1.299,1.302,1.292,1.295,5442300.0,7053217.0
2021-07-14,1.294,1.301,1.293,1.299,5248700.0,6808299.0
2021-07-15,1.313,1.318,1.309,1.311,6320901.0,8296749.0
2021-07-16,1.311,1.314,1.308,1.312,9486100.0,12428630.0
2021-07-19,1.348,1.348,1.327,1.33,8907600.0,11901275.0
2021-07-20,1.323,1.33,1.32,1.326,21708900.0,28761143.0
2021-07-21,1.329,1.33,1.309,1.317,11968900.0,15762872.0
2021-07-22,1.31,1.314,1.297,1.298,23513300.0,30604884.0
2021-07-23,1.291,1.291,1.28,1.286,12102300.0,15525466.0
2021-07-26,1.258,1.261,1.254,1.256,7964300.0,10005154.0
2021-07-27,1.264,1.273,1.264,1.269,9213400.0,11700009.0
2021-07-28,1.276,1.281,1.273,1.274,7659100.0,9782660.0
2021-07-29,1.282,1.3,1.278,1.3,7488600.0,9674509.0
2021-07-30,1.3,1.312,1.3,1.311,6124101.0,8001216.0
2021-08-02,1.289,1.306,1.288,1.306,6629800.0,8619021.0
2021-08-03,1.295,1.304,1.289,1.302,4540901.0,5883831.0
2021-08-04,1.288,1.292,1.284,1.29,6927300.0,8919853.0
2021-08-05,1.284,1.29,1.277,1.278,4799600.0,6156519.0
2021-08-06,1.281,1.288,1.28,1.285,4714800.0,6056687.0
2021-08-09,1.288,1.305,1.287,1.3,7597900.0,9859365.0
2021-08-10,1.296,1.307,1.296,1.306,8236200.0,10720546.0
2021-08-11,1.303,1.307,1.297,1.304,6590800.0,8584459.0
2021-08-12,1.286,1.294,1.276,1.281,6394700.0,8198851.0
2021-08-13,1.283,1.311,1.281,1.311,13071101.0,16923173.0
2021-08-16,1.317,1.328,1.317,1.324,8299800.0,10969813.0
2021-08-17,1.324,1.328,1.32,1.325,10451000.0,13842043.0
2021-08-18,1.309,1.315,1.306,1.312,9081300.0,11899570.0
2021-08-19,1.295,1.3,1.288,1.292,5298600.0,6845198.0
2021-08-20,1.285,1.289,1.282,1.286,6038700.0,7762207.0
2021-08-23,1.275,1.275,1.266,1.271,9302500.0,11819037.0
2021-08-24,1.267,1.279,1.265,1.275,11005101.0,14006090.0
2021-08-25,1.276,1.281,1.275,1.279,6971101.0,8902579.0
2021-08-26,1.279,1.286,1.277,1.279,8747100.0,11201775.0
2021-08-27,1.277,1.281,1.269,1.274,9701700.0,12361685.0
2021-08-30,1.285,1.29,1.278,1.283,9690100.0,12446158.0
2021-08-31,1.274,1.283,1.27,1.279,8239202.0,10503186.0
2021-09-01,1.27,1.274,1.251,1.271,3474200.0,4412919.0
2021-09-02,1.262,1.28,1.26,1.274,8671400.0,11014541.0
2021-09-03,1.271,1.274,1.268,1.271,7018000.0,8917455.0
2021-09-06,1.271,1.272,1.263,1.268,8131100.0,10299508.0
2021-09-07,1.272,1.285,1.272,1.283,6401500.0,8188038.0
2021-09-08,1.277,1.279,1.27,1.27,6832100.0,8713120.0
2021-09-09,1.265,1.269,1.258,1.264,9794900.0,12369302.0
2021-09-10,1.264,1.272,1.262,1.27,7103500.0,9001573.0
2021-09-13,1.285,1.287,1.281,1.281,8773700.0,11266820.0
2021-09-14,1.284,1.293,1.284,1.291,6903600.0,8900727.0
2021-09-15,1.286,1.287,1.283,1.285,2669800.0,3430738.0
2021-09-16,1.29,1.291,1.28,1.291,3759300.0,4835443.0
2021-09-17,1.299,1.301,1.293,1.301,10008200.0,12976268.0
2021-09-22,1.291,1.293,1.284,1.286,4513510.0,5810928.0
2021-09-23,1.296,1.296,1.286,1.288,5800600.0,7476006.0
2021-09-24,1.283,1.29,1.274,1.274,6684200.0,8556601.0
2021-09-27,1.278,1.287,1.276,1.284,5320100.0,6816498.0
2021-09-28,1.281,1.281,1.269,1.271,6660600.0,8481701.0
2021-09-29,1.261,1.271,1.26,1.267,4175600.0,5279640.0
2021-09-30,1.266,1.266,1.259,1.261,7721200.0,9737922.0
2021-10-08,1.224,1.228,1.218,1.223,14257000.0,17427243.0
2021-10-11,1.217,1.22,1.21,1.214,14819800.0,18007244.0
2021-10-12,1.205,1.211,1.199,1.204,14877901.0,17942282.0
2021-10-13,1.191,1.193,1.181,1.183,17669300.0,20973658.0
2021-10-14,1.18,1.194,1.178,1.193,14637800.0,17372685.0
2021-10-15,1.192,1.194,1.187,1.193,8780500.0,10458256.0
2021-10-18,1.189,1.192,1.18,1.182,12145300.0,14385984.0
2021-10-19,1.18,1.184,1.177,1.179,11557400.0,13635084.0
2021-10-20,1.186,1.193,1.184,1.187,16231000.0,19288748.0
2021-10-21,1.188,1.195,1.183,1.189,15371100.0,18257378.0
2021-10-22,1.196,1.2,1.192,1.196,14391600.0,17204781.0
2021-10-25,1.203,1.21,1.195,1.199,15419400.0,18530734.0
2021-10-26,1.191,1.194,1.187,1.193,9004000.0,10716711.0
2021-10-27,1.184,1.191,1.182,1.19,9381700.0,11139417.0
2021-10-28,1.192,1.195,1.184,1.189,7100000.0,8437040.0
2021-10-29,1.188,1.188,1.181,1.181,8236800.0,9750170.0
2021-11-01,1.17,1.17,1.153,1.155,16397800.0,19016863.0
2021-11-02,1.155,1.158,1.149,1.151,11726600.0,13519150.0
2021-11-03,1.147,1.152,1.139,1.144,12710500.0,14560031.0
2021-11-04,1.14,1.149,1.136,1.147,14107500.0,16092224.0
2021-11-05,1.139,1.139,1.111,1.115,26289900.0,29527660.0
2021-11-08,1.119,1.129,1.119,1.128,11898600.0,13379724.0
2021-11-09,1.12,1.133,1.118,1.13,11104300.0,12501674.0
2021-11-10,1.141,1.144,1.139,1.143,16298800.0,18610846.0
2021-11-11,1.149,1.154,1.147,1.154,12515800.0,14391970.0
2021-11-12,1.153,1.157,1.15,1.154,8700800.0,10040250.0
2021-11-15,1.158,1.159,1.151,1.156,8327400.0,9619544.0
2021-11-16,1.167,1.171,1.161,1.166,11807800.0,13771436.0
2021-11-17,1.164,1.167,1.161,1.162,6498400.0,7562468.0
2021-11-18,1.172,1.174,1.169,1.174,6654800.0,7801574.0
2021-11-19,1.172,1.174,1.167,1.174,8853800.0,10365190.0
2021-11-22,1.167,1.172,1.163,1.167,8168100.0,9526758.0
2021-11-23,1.178,1.185,1.178,1.183,15803403.0,18671977.0
2021-11-24,1.182,1.185,1.18,1.182,8164500.0,9659090.0
2021-11-25,1.174,1.175,1.168,1.171,8976900.0,10521481.0
2021-11-26,1.169,1.173,1.167,1.171,5751400.0,6730119.0
2021-11-29,1.166,1.178,1.166,1.177,6875200.0,8058967.0
2021-11-30,1.166,1.169,1.16,1.165,8166700.0,9503266.0
2021-12-01,1.16,1.167,1.157,1.166,8326700.0,9666053.0
2021-12-02,1.161,1.17,1.16,1.169,3374800.0,3933250.0
2021-12-03,1.182,1.188,1.178,1.187,8086404.0,9565699.0
2021-12-06,1.185,1.185,1.174,1.18,11096500.0,13094636.0
2021-12-07,1.171,1.178,1.168,1.168,10457100.0,12274220.0
2021-12-08,1.163,1.168,1.161,1.167,6751200.0,7860134.0
2021-12-09,1.179,1.196,1.179,1.186,15552200.0,18497279.0
2021-12-10,1.192,1.202,1.192,1.198,12559400.0,15034287.0
2021-12-13,1.215,1.215,1.197,1.197,4587200.0,5507267.0
2021-12-14,1.19,1.192,1.177,1.178,6840200.0,8091352.0
2021-12-15,1.194,1.205,1.194,1.198,10325400.0,12397619.0
2021-12-16,1.198,1.217,1.195,1.213,12544700.0,15172866.0
2021-12-17,1.211,1.219,1.209,1.219,6231100.0,7567107.0
2021-12-20,1.218,1.219,1.204,1.211,5410000.0,6560358.0
2021-12-21,1.211,1.213,1.206,1.207,7555500.0,9147471.0
2021-12-22,1.22,1.222,1.213,1.218,15468800.0,18829378.0
2021-12-23,1.226,1.245,1.226,1.245,15230301.0,18834359.0
2021-12-24,1.248,1.253,1.247,1.252,8767501.0,10956565.0
2021-12-27,1.243,1.243,1.235,1.239,8513000.0,10539956.0
2021-12-28,1.246,1.26,1.244,1.249,11673600.0,14619220.0
2021-12-29,1.241,1.242,1.228,1.234,10102500.0,12476481.0
2021-12-30,1.234,1.242,1.234,1.24,5857600.0,7255089.0
2021-12-31,1.226,1.23,1.217,1.221,6685400.0,8160694.0
2022-01-04,1.246,1.248,1.241,1.245,8763400.0,10905568.0
2022-01-05,1.259,1.263,1.254,1.262,14532500.0,18282123.0
2022-01-06,1.251,1.254,1.231,1.232,14594000.0,18066306.0
2022-01-07,1.234,1.24,1.23,1.234,9837400.0,12156613.0
2022-01-10,1.248,1.252,1.235,1.237,16012100.0,19875843.0
2022-01-11,1.24,1.24,1.234,1.235,3091500.0,3823710.0
2022-01-12,1.234,1.247,1.228,1.241,7314900.0,9064089.0
2022-01-13,1.241,1.245,1.232,1.242,11470600.0,14221810.0
2022-01-14,1.233,1.233,1.219,1.223,6503000.0,7951609.0
2022-01-17,1.22,1.22,1.206,1.215,6605200.0,8003880.0
2022-01-18,1.212,1.216,1.209,1.209,7044300.0,8543409.0
2022-01-19,1.211,1.221,1.211,1.22,8045300.0,9793410.0
2022-01-20,1.236,1.246,1.236,1.246,8882700.0,11034026.0
2022-01-21,1.25,1.258,1.248,1.255,9026600.0,11309743.0
2022-01-24,1.25,1.255,1.248,1.25,9676200.0,12107000.0
2022-01-25,1.248,1.248,1.242,1.246,5652300.0,7033703.0
2022-01-26,1.246,1.251,1.242,1.245,6989700.0,8716102.0
2022-01-27,1.278,1.286,1.274,1.284,17422900.0,22327381.0
2022-01-28,1.287,1.301,1.287,1.294,17911500.0,23187490.0
2022-02-07,1.392,1.423,1.391,1.409,14863404.0,20880680.0
2022-02-08,1.415,1.425,1.411,1.418,24282202.0,34422275.0
2022-02-09,1.415,1.444,1.415,1.442,20703700.0,29688874.0
2022-02-10,1.455,1.476,1.453,1.465,25880900.0,37972689.0
2022-02-11,1.442,1.455,1.434,1.438,16399500.0,23684962.0
2022-02-14,1.435,1.445,1.428,1.43,14356700.0,20629196.0
2022-02-15,1.42,1.433,1.412,1.415,17749900.0,25224506.0
2022-02-16,1.414,1.43,1.407,1.42,11866600.0,16866268.0
2022-02-17,1.43,1.45,1.419,1.45,18976600.0,27221942.0
2022-02-18,1.457,1.457,1.442,1.452,12629800.0,18285602.0
2022-02-21,1.451,1.467,1.449,1.462,16448000.0,23980871.0
2022-02-22,1.482,1.492,1.469,1.492,15164400.0,22427981.0
2022-02-23,1.504,1.518,1.497,1.504,28855600.0,43469290.0
2022-02-24,1.531,1.59,1.529,1.568,63488956.0,98743644.0
2022-02-25,1.525,1.533,1.494,1.502,59424900.0,89857129.0
2022-02-28,1.484,1.486,1.47,1.484,26051700.0,38518299.0
2022-03-01,1.489,1.518,1.487,1.504,34159799.0,51310893.0
2022-03-02,1.514,1.516,1.476,1.504,46816100.0,70051231.0
2022-03-03,1.49,1.51,1.487,1.502,33423400.0,50060181.0
2022-03-04,1.501,1.521,1.49,1.5,49867200.0,75188265.0
2022-03-07,1.52,1.577,1.519,1.576,52536300.0,81529705.0
2022-03-08,1.585,1.613,1.55,1.6,108629300.0,172123350.0
2022-03-09,1.645,1.647,1.602,1.624,91685600.0,149385435.0
2022-03-10,1.56,1.6,1.56,1.583,59065800.0,93854068.0
2022-03-11,1.603,1.625,1.599,1.61,44822000.0,72003538.0
2022-03-14,1.602,1.626,1.601,1.624,45584600.0,73630344.0
2022-03-15,1.61,1.612,1.581,1.581,44824200.0,71522969.0
2022-03-16,1.585,1.616,1.583,1.61,38389800.0,61410138.0
2022-03-17,1.605,1.61,1.596,1.605,32089700.0,51416053.0
2022-03-18,1.617,1.641,1.617,1.641,40166900.0,65376621.0
2022-03-21,1.658,1.659,1.642,1.646,36801400.0,60679452.0
2022-03-22,1.683,1.701,1.679,1.697,50223900.0,84996905.0
2022-03-23,1.689,1.702,1.68,1.697,44687100.0,75517059.0
2022-03-24,1.699,1.7,1.68,1.687,51373700.0,86899893.0
2022-03-25,1.693,1.705,1.663,1.674,65151800.0,109787353.0
2022-03-28,1.655,1.675,1.642,1.647,42625700.0,70671668.0
2022-03-29,1.611,1.647,1.608,1.629,60415700.0,98240108.0
2022-03-30,1.592,1.602,1.581,1.583,48850800.0,77823478.0
2022-03-31,1.586,1.592,1.577,1.59,35030000.0,55518469.0
2022-04-01,1.548,1.549,1.501,1.501,44127400.0,67225998.0
2022-04-06,1.52,1.53,1.51,1.517,33536900.0,51032998.0
2022-04-07,1.511,1.518,1.502,1.509,23443200.0,35392336.0
2022-04-08,1.53,1.533,1.521,1.526,26000300.0,39730021.0
2022-04-11,1.558,1.561,1.541,1.554,31975600.0,49575016.0
2022-04-12,1.541,1.545,1.531,1.542,28032500.0,43109372.0
2022-04-13,1.54,1.549,1.53,1.541,29532200.0,45482477.0
2022-04-14,1.544,1.553,1.544,1.547,24835200.0,38425319.0
2022-04-15,1.543,1.56,1.541,1.547,33805200.0,52419536.0
2022-04-18,1.553,1.572,1.545,1.549,36233900.0,56370175.0
2022-04-19,1.565,1.59,1.56,1.588,49352050.0,77905179.0
2022-04-20,1.606,1.618,1.591,1.607,65497899.0,105183609.0
2022-04-21,1.618,1.632,1.616,1.632,59415700.0,96457357.0
2022-04-22,1.625,1.625,1.593,1.607,59324300.0,95768322.0
2022-04-25,1.58,1.59,1.552,1.553,57810000.0,90716121.0
2022-04-26,1.575,1.578,1.562,1.566,40349300.0,63276089.0
2022-04-27,1.566,1.574,1.557,1.573,45199797.0,70742525.0
2022-04-28,1.585,1.604,1.585,1.603,44056900.0,70310186.0
2022-04-29,1.596,1.607,1.589,1.607,36408800.0,58139168.0
2022-05-05,1.585,1.599,1.582,1.597,22504700.0,35809921.0
2022-05-06,1.583,1.586,1.564,1.565,28752200.0,45311083.0
2022-05-09,1.541,1.543,1.5,1.537,27480900.0,42242720.0
2022-05-10,1.535,1.551,1.529,1.547,15047400.0,23223595.0
2022-05-11,1.547,1.551,1.543,1.55,15941000.0,24654733.0
2022-05-12,1.557,1.557,1.548,1.55,13371100.0,20738911.0
2022-05-13,1.59,1.606,1.588,1.599,27122500.0,43336915.0
2022-05-16,1.636,1.639,1.623,1.637,18996300.0,30945407.0
2022-05-17,1.639,1.64,1.623,1.631,25441000.0,41513457.0
2022-05-18,1.634,1.639,1.628,1.63,11563300.0,18898240.0
2022-05-19,1.629,1.634,1.621,1.624,17424000.0,28362673.0
2022-05-20,1.643,1.646,1.639,1.646,24632800.0,40456351.0
2022-05-23,1.658,1.663,1.651,1.653,18251400.0,30238697.0
2022-05-24,1.618,1.624,1.611,1.616,23267300.0,37634209.0
2022-05-25,1.615,1.623,1.615,1.622,14206500.0,23012600.0
2022-05-26,1.608,1.626,1.601,1.626,18936400.0,30681992.0
2022-05-27,1.646,1.665,1.643,1.664,31654800.0,52361716.0
2022-05-30,1.661,1.663,1.649,1.654,31877300.0,52709706.0
2022-05-31,1.657,1.663,1.654,1.662,31641700.0,52480841.0
2022-06-01,1.624,1.634,1.62,1.632,17068500.0,27775493.0
2022-06-02,1.628,1.64,1.626,1.632,12686800.0,20736259.0
2022-06-06,1.644,1.647,1.634,1.637,23124700.0,37960723.0
2022-06-07,1.634,1.634,1.623,1.623,21669000.0,35297198.0
2022-06-08,1.652,1.659,1.649,1.654,32166800.0,53200589.0
2022-06-09,1.657,1.66,1.651,1.652,18188100.0,30109809.0
2022-06-10,1.671,1.687,1.671,1.681,25809600.0,43350815.0
2022-06-13,1.672,1.672,1.635,1.642,20787000.0,34353512.0
2022-06-14,1.629,1.636,1.626,1.636,13904600.0,22674412.0
2022-06-15,1.626,1.626,1.617,1.623,17890200.0,29002974.0
2022-06-16,1.626,1.629,1.62,1.625,12593200.0,20470050.0
2022-06-17,1.643,1.652,1.642,1.65,19039700.0,31373962.0
2022-06-20,1.634,1.638,1.624,1.629,20293100.0,33094737.0
2022-06-21,1.619,1.626,1.612,1.616,17613200.0,28501255.0
2022-06-22,1.613,1.614,1.589,1.589,21374600.0,34240180.0
2022-06-23,1.539,1.542,1.492,1.517,57302799.0,86726001.0
2022-06-24,1.494,1.504,1.473,1.494,45284700.0,67393736.0
2022-06-27,1.5,1.521,1.496,1.511,38152399.0,57554392.0
2022-06-28,1.523,1.54,1.523,1.539,22214300.0,33999973.0
2022-06-29,1.536,1.537,1.525,1.531,18055500.0,27651417.0
2022-06-30,1.542,1.548,1.534,1.542,14333000.0,22061059.0
2022-07-01,1.549,1.552,1.513,1.527,31550300.0,48272233.0
2022-07-04,1.499,1.519,1.496,1.51,20003000.0,30217078.0
2022-07-05,1.521,1.528,1.507,1.514,23053899.0,35028348.0
2022-07-06,1.494,1.502,1.454,1.499,48797700.0,72160970.0
2022-07-07,1.509,1.552,1.509,1.531,53132800.0,81515895.0
2022-07-08,1.548,1.548,1.536,1.541,20905000.0,32219549.0
2022-07-11,1.568,1.578,1.567,1.578,26048000.0,40981907.0
2022-07-12,1.567,1.58,1.564,1.571,22975700.0,36075967.0
2022-07-13,1.526,1.546,1.514,1.543,55399200.0,84643294.0
2022-07-14,1.559,1.568,1.551,1.563,18457400.0,28792172.0
2022-07-15,1.554,1.566,1.542,1.543,36337200.0,56407351.0
2022-07-18,1.555,1.577,1.552,1.569,32036200.0,50208819.0
2022-07-19,1.56,1.567,1.538,1.538,22966500.0,35626059.0
2022-07-20,1.501,1.509,1.493,1.504,55243000.0,82887161.0
2022-07-21,1.506,1.511,1.503,1.509,25930500.0,39084281.0
2022-07-22,1.482,1.498,1.478,1.485,21757300.0,32327203.0
2022-07-25,1.505,1.505,1.49,1.497,14165300.0,21220774.0
2022-07-26,1.532,1.54,1.53,1.539,18850000.0,28929197.0
2022-07-27,1.543,1.556,1.539,1.55,11236200.0,17411430.0
2022-07-28,1.575,1.581,1.563,1.564,22907600.0,35935650.0
2022-07-29,1.571,1.576,1.564,1.572,15655900.0,24571417.0
2022-08-01,1.58,1.59,1.568,1.579,34718700.0,54746668.0
2022-08-02,1.561,1.561,1.548,1.557,26729400.0,41515356.0
2022-08-03,1.552,1.567,1.55,1.557,21998700.0,34286876.0
2022-08-04,1.548,1.55,1.538,1.546,22788300.0,35158577.0
2022-08-05,1.589,1.607,1.585,1.607,29007563.0,46333181.0
2022-08-08,1.599,1.599,1.584,1.592,10539700.0,16728883.0
2022-08-09,1.594,1.598,1.592,1.592,8855700.0,14124695.0
2022-08-10,1.602,1.615,1.602,1.607,18763000.0,30193979.0
2022-08-11,1.612,1.615,1.594,1.608,14805600.0,23750959.0
2022-08-12,1.615,1.629,1.615,1.624,17776900.0,28850468.0
2022-08-15,1.605,1.611,1.589,1.595,20515999.0,32746697.0
2022-08-16,1.586,1.594,1.578,1.589,10956200.0,17396677.0
2022-08-17,1.58,1.588,1.578,1.583,14155800.0,22409648.0
2022-08-18,1.583,1.588,1.573,1.576,13202000.0,20845786.0
2022-08-19,1.582,1.6,1.578,1.594,35135000.0,55909165.0
2022-08-22,1.596,1.601,1.592,1.6,11073700.0,17674479.0
2022-08-23,1.65,1.675,1.648,1.668,29581502.0,49223954.0
2022-08-24,1.68,1.686,1.673,1.686,22845400.0,38378724.0
2022-08-25,1.682,1.682,1.651,1.656,26116400.0,43276882.0
2022-08-26,1.64,1.64,1.625,1.631,18535100.0,30223375.0
2022-08-29,1.64,1.647,1.633,1.639,22780600.0,37336791.0
2022-08-30,1.626,1.628,1.615,1.628,12233700.0,19830147.0
2022-08-31,1.629,1.64,1.622,1.639,10499100.0,17143854.0
2022-09-01,1.636,1.636,1.623,1.631,11056200.0,18003752.0
2022-09-02,1.628,1.658,1.625,1.657,25621700.0,42204469.0
2022-09-05,1.657,1.683,1.656,1.675,22938400.0,38304514.0
2022-09-06,1.66,1.664,1.648,1.649,25769100.0,42611552.0
2022-09-07,1.647,1.669,1.646,1.661,27086500.0,44892583.0
2022-09-08,1.676,1.677,1.659,1.661,15983600.0,26617018.0
2022-09-09,1.662,1.675,1.662,1.666,14225400.0,23722108.0
2022-09-13,1.745,1.762,1.741,1.758,34382800.0,60217568.0
2022-09-14,1.753,1.756,1.747,1.75,14538400.0,25464989.0
2022-09-15,1.734,1.734,1.719,1.726,15167700.0,26163578.0
2022-09-16,1.731,1.734,1.725,1.73,15883102.0,27473847.0
2022-09-19,1.729,1.745,1.729,1.735,17152900.0,29818215.0
2022-09-20,1.745,1.747,1.737,1.743,17643500.0,30758065.0
2022-09-21,1.743,1.765,1.743,1.763,19767200.0,34669519.0
2022-09-22,1.762,1.78,1.755,1.769,29353300.0,51935278.0
2022-09-23,1.754,1.768,1.751,1.753,16664800.0,29338243.0
2022-09-26,1.746,1.754,1.726,1.741,24244400.0,42170871.0
2022-09-27,1.749,1.752,1.743,1.745,14782100.0,25834539.0
2022-09-28,1.741,1.762,1.74,1.762,21668000.0,37968141.0
2022-09-29,1.763,1.802,1.763,1.8,30760100.0,54943059.0
2022-09-30,1.784,1.787,1.76,1.774,40439200.0,71718586.0
2022-10-10,1.776,1.785,1.771,1.779,139248200.0,247741058.0
2022-10-11,1.769,1.77,1.751,1.755,64515000.0,113586309.0
2022-10-12,1.755,1.772,1.749,1.769,23217300.0,40859897.0
2022-10-13,1.783,1.787,1.771,1.773,31016600.0,55163735.0
2022-10-14,1.789,1.808,1.788,1.805,28938702.0,52002635.0
2022-10-17,1.795,1.795,1.76,1.76,26626600.0,47220293.0
2022-10-18,1.751,1.753,1.735,1.737,31777600.0,55400245.0
2022-10-19,1.733,1.741,1.728,1.735,20472100.0,35502723.0
2022-10-20,1.75,1.753,1.738,1.743,23417500.0,40929758.0
2022-10-21,1.754,1.764,1.738,1.741,23657300.0,41492307.0
2022-10-24,1.756,1.764,1.746,1.755,18324200.0,32153515.0
2022-10-25,1.745,1.76,1.742,1.752,14868900.0,26034277.0
2022-10-26,1.765,1.78,1.765,1.778,17647200.0,31268391.0
2022-10-27,1.768,1.773,1.759,1.769,17950000.0,31706952.0
2022-10-28,1.768,1.78,1.748,1.754,17022202.0,30014175.0
2022-10-31,1.769,1.784,1.766,1.783,19251400.0,34145720.0
2022-11-01,1.82,1.844,1.82,1.834,42090200.0,77287454.0
2022-11-02,1.855,1.888,1.821,1.827,40379200.0,74587316.0
2022-11-03,1.828,1.836,1.819,1.825,17058800.0,31197166.0
2022-11-04,1.811,1.826,1.803,1.823,30261804.0,54949415.0
2022-11-07,1.827,1.835,1.817,1.833,20286700.0,37092367.0
2022-11-08,1.847,1.85,1.836,1.847,21211700.0,39112768.0
2022-11-09,1.842,1.85,1.835,1.849,18267500.0,33675160.0
2022-11-10,1.858,1.889,1.856,1.868,34661500.0,64759774.0
2022-11-11,1.84,1.845,1.835,1.838,35859800.0,65973448.0
2022-11-14,1.837,1.837,1.798,1.807,20113200.0,36452214.0
2022-11-15,1.802,1.808,1.796,1.804,15563700.0,28061143.0
2022-11-16,1.807,1.818,1.803,1.813,14939000.0,27011358.0
2022-11-17,1.803,1.808,1.797,1.803,15819900.0,28523627.0
2022-11-18,1.8,1.8,1.778,1.787,16774700.0,30013333.0
2022-11-21,1.793,1.802,1.785,1.796,17397100.0,31199083.0
2022-11-22,1.804,1.815,1.804,1.81,12626400.0,22866594.0
2022-11-23,1.813,1.834,1.812,1.831,19370800.0,35339674.0
2022-11-24,1.847,1.857,1.847,1.851,19059700.0,35322178.0
2022-11-25,1.862,1.869,1.856,1.868,18581600.0,34607948.0
2022-11-28,1.842,1.852,1.836,1.836,12737400.0,23495008.0
2022-11-29,1.847,1.855,1.847,1.852,10277000.0,19020374.0
2022-11-30,1.847,1.87,1.847,1.868,9814600.0,18264668.0
2022-12-01,1.863,1.863,1.855,1.861,15447600.0,28715076.0
2022-12-02,1.854,1.864,1.854,1.858,9502300.0,17667466.0
2022-12-05,1.857,1.857,1.841,1.844,12572500.0,23248696.0
2022-12-06,1.855,1.862,1.853,1.857,21627500.0,40176034.0
2022-12-07,1.872,1.884,1.872,1.878,18693000.0,35112629.0
2022-12-08,1.903,1.925,1.901,1.925,27324000.0,52284932.0
2022-12-09,1.936,2.008,1.924,1.944,38305700.0,74368222.0
2022-12-12,1.931,1.938,1.913,1.914,21654200.0,41641563.0
2022-12-13,1.912,1.912,1.902,1.909,5330400.0,10164989.0
2022-12-14,1.913,1.928,1.886,1.895,31320800.0,59847193.0
2022-12-15,1.898,1.901,1.887,1.901,16726800.0,31689660.0
2022-12-16,1.912,1.926,1.911,1.916,24427300.0,46833219.0
2022-12-19,1.889,1.898,1.879,1.89,21498000.0,40639594.0
2022-12-20,1.89,1.901,1.885,1.901,13809800.0,26160632.0
2022-12-21,1.925,1.926,1.911,1.917,17434000.0,33445309.0
2022-12-22,1.924,1.93,1.92,1.929,14602800.0,28120783.0
2022-12-23,1.925,1.933,1.923,1.933,19234900.0,37087182.0
2022-12-26,1.974,1.989,1.973,1.977,26870500.0,53252444.0
2022-12-27,1.985,1.995,1.978,1.985,23222100.0,46156243.0
2022-12-28,1.957,1.965,1.95,1.96,13331800.0,26127319.0
2022-12-29,1.982,1.988,1.974,1.986,15806500.0,31299939.0
2022-12-30,1.987,2.011,1.986,2.01,46103000.0,92106716.0
2023-01-03,2.002,2.03,1.997,2.015,45235100.0,91204200.0
2023-01-04,1.974,1.982,1.971,1.974,45783600.0,90443582.0
2023-01-05,1.958,1.964,1.948,1.954,26986400.0,52810840.0
2023-01-06,1.94,1.941,1.932,1.938,27358900.0,52958863.0
2023-01-09,1.955,1.955,1.943,1.949,17175700.0,33440377.0
2023-01-10,1.931,1.934,1.923,1.929,26267500.0,50637568.0
2023-01-11,1.935,1.951,1.933,1.95,27432600.0,53224192.0
2023-01-12,1.971,1.985,1.969,1.979,34361198.0,68017495.0
2023-01-13,1.988,2.0,1.987,2.0,39997600.0,79778788.0
2023-01-16,1.991,1.996,1.985,1.989,22502900.0,44763998.0
2023-01-17,1.972,1.988,1.965,1.98,21906500.0,43308066.0
2023-01-18,2.006,2.02,2.005,2.013,19680300.0,39622602.0
2023-01-19,1.99,1.99,1.978,1.982,20427100.0,40474759.0
2023-01-20,1.965,1.966,1.96,1.963,25442900.0,49922937.0
2023-01-30,1.98,1.989,1.978,1.989,27224300.0,54011557.0
2023-01-31,2.001,2.006,1.99,1.992,36562900.0,73176455.0
2023-02-01,1.986,1.992,1.981,1.987,15720200.0,31229591.0
2023-02-02,1.979,1.987,1.976,1.981,26215900.0,51959249.0
2023-02-03,1.97,1.99,1.964,1.989,23652800.0,46656445.0
2023-02-06,2.009,2.014,1.999,2.002,27953700.0,56127325.0
2023-02-07,1.975,1.98,1.972,1.978,24433200.0,48278142.0
2023-02-08,1.973,1.982,1.969,1.98,23631600.0,46653824.0
2023-02-09,1.978,1.986,1.95,1.954,51831900.0,101737566.0
2023-02-10,1.958,1.972,1.956,1.965,44597300.0,87575932.0
2023-02-13,1.987,1.991,1.976,1.978,22406000.0,44476021.0
2023-02-14,1.976,1.984,1.972,1.979,17229400.0,34067253.0
2023-02-15,1.962,1.966,1.953,1.959,25903200.0,50784855.0
2023-02-16,1.948,1.96,1.945,1.96,34002200.0,66399404.0
2023-02-17,1.953,1.957,1.946,1.952,19094500.0,37252847.0
2023-02-20,1.959,1.978,1.957,1.969,24592800.0,48393313.0
2023-02-21,1.966,1.971,1.962,1.966,14900700.0,29307919.0
2023-02-22,1.98,1.986,1.972,1.974,23736700.0,46954415.0
2023-02-23,1.962,1.969,1.957,1.959,14438000.0,28342026.0
2023-02-24,1.959,1.971,1.955,1.969,22271800.0,43791284.0
2023-02-27,1.957,1.957,1.946,1.951,12785900.0,24942783.0
2023-02-28,1.944,1.944,1.924,1.929,26208600.0,50684125.0
2023-03-01,1.909,1.916,1.905,1.914,35771000.0,68362295.0
2023-03-02,1.912,1.912,1.903,1.907,19901400.0,37946510.0
2023-03-03,1.919,1.924,1.912,1.922,25832500.0,49498588.0
2023-03-06,1.927,1.932,1.924,1.93,14440500.0,27841232.0
2023-03-07,1.945,1.949,1.941,1.943,21689300.0,42216946.0
2023-03-08,1.946,1.948,1.935,1.939,17407100.0,33766618.0
2023-03-09,1.939,1.951,1.939,1.947,28530700.0,55597040.0
2023-03-10,1.951,1.952,1.936,1.938,14141800.0,27517084.0
2023-03-13,1.935,1.945,1.933,1.943,18263200.0,35374035.0
2023-03-14,1.915,1.93,1.915,1.922,22778800.0,43820915.0
2023-03-15,1.928,1.928,1.919,1.924,15038500.0,28911171.0
2023-03-16,1.919,1.921,1.911,1.912,16766300.0,32122990.0
2023-03-17,1.911,1.918,1.891,1.893,24001900.0,45700784.0
2023-03-20,1.882,1.882,1.838,1.838,27218000.0,50575771.0
2023-03-21,1.857,1.86,1.852,1.859,23633200.0,43862007.0
2023-03-22,1.841,1.842,1.823,1.84,24872500.0,45524435.0
2023-03-23,1.823,1.823,1.8,1.81,34673301.0,62738798.0
2023-03-24,1.774,1.796,1.761,1.79,53887805.0,95567354.0
2023-03-27,1.792,1.793,1.769,1.779,48546300.0,86398873.0
2023-03-28,1.793,1.8,1.786,1.8,55964600.0,100209695.0
2023-03-29,1.813,1.816,1.801,1.803,36686500.0,66403041.0
2023-03-30,1.81,1.813,1.8,1.802,24817000.0,44859213.0
2023-03-31,1.803,1.807,1.789,1.793,22197900.0,39907324.0
2023-04-03,1.839,1.853,1.834,1.847,30327398.0,55992877.0
2023-04-04,1.851,1.864,1.851,1.864,34679600.0,64468423.0
2023-04-06,1.844,1.852,1.832,1.836,16941400.0,31238514.0
2023-04-07,1.824,1.824,1.809,1.82,18304899.0,33262209.0
2023-04-10,1.813,1.82,1.809,1.813,12939399.0,23484116.0
2023-04-11,1.805,1.822,1.801,1.818,22965300.0,41565112.0
2023-04-12,1.808,1.808,1.792,1.795,33382298.0,60032094.0
2023-04-13,1.804,1.821,1.804,1.82,39597000.0,71800469.0
2023-04-14,1.812,1.814,1.796,1.796,33761400.0,60948342.0
2023-04-17,1.78,1.796,1.776,1.796,32215500.0,57442980.0
2023-04-18,1.809,1.817,1.807,1.815,28390500.0,51398798.0
2023-04-19,1.795,1.796,1.762,1.764,35057100.0,62327667.0
2023-04-20,1.74,1.743,1.721,1.738,34296800.0,59392874.0
2023-04-21,1.74,1.744,1.718,1.718,23486100.0,40713756.0
2023-04-24,1.712,1.734,1.708,1.731,34634700.0,59518941.0
2023-04-25,1.711,1.733,1.709,1.728,28999300.0,49805686.0
2023-04-26,1.739,1.75,1.734,1.75,27711372.0,48291357.0
2023-04-27,1.747,1.75,1.738,1.74,27408500.0,47798457.0
2023-04-28,1.755,1.773,1.755,1.765,32531700.0,57407242.0
2023-05-04,1.753,1.772,1.75,1.756,31536200.0,55535647.0
2023-05-05,1.762,1.78,1.756,1.778,25793000.0,45585631.0
2023-05-08,1.792,1.799,1.779,1.788,17418500.0,31155736.0
2023-05-09,1.783,1.79,1.774,1.78,16006287.0,28531320.0
2023-05-10,1.771,1.772,1.748,1.756,16836400.0,29640090.0
2023-05-11,1.757,1.765,1.744,1.759,33956000.0,59599697.0
2023-05-12,1.777,1.793,1.776,1.788,25525400.0,45588908.0
2023-05-15,1.763,1.777,1.757,1.77,40668700.0,71788687.0
2023-05-16,1.778,1.795,1.777,1.792,17626800.0,31505826.0
2023-05-17,1.757,1.757,1.746,1.754,14579200.0,25528508.0
2023-05-18,1.747,1.767,1.74,1.76,31927200.0,56188972.0
2023-05-19,1.762,1.767,1.741,1.741,20093900.0,35324165.0
2023-05-22,1.735,1.744,1.724,1.739,37266800.0,64512981.0
2023-05-23,1.765,1.768,1.757,1.76,20046800.0,35350930.0
2023-05-24,1.754,1.758,1.736,1.74,13395000.0,23427187.0
2023-05-25,1.74,1.743,1.729,1.736,15572400.0,27022912.0
2023-05-26,1.728,1.747,1.719,1.747,18265600.0,31635545.0
2023-05-29,1.751,1.754,1.726,1.73,12661500.0,22049854.0
2023-05-30,1.726,1.734,1.724,1.728,13638600.0,23574754.0
2023-05-31,1.71,1.71,1.697,1.707,18595700.0,31671663.0
2023-06-01,1.727,1.746,1.722,1.74,17705900.0,30734494.0
2023-06-02,1.717,1.719,1.701,1.716,44195100.0,75598870.0
2023-06-05,1.756,1.78,1.755,1.768,35304400.0,62483125.0
2023-06-06,1.774,1.787,1.77,1.777,35187900.0,62519917.0
2023-06-07,1.773,1.773,1.753,1.757,20207500.0,35557578.0
2023-06-08,1.757,1.762,1.752,1.757,18809500.0,33052963.0
2023-06-09,1.756,1.769,1.756,1.766,9467400.0,16693078.0
2023-06-12,1.78,1.788,1.771,1.773,17195100.0,30597694.0
2023-06-13,1.771,1.792,1.767,1.79,16879800.0,30038823.0
2023-06-14,1.791,1.793,1.784,1.787,14580300.0,26081323.0
2023-06-15,1.796,1.822,1.796,1.822,29737100.0,53782319.0
2023-06-16,1.86,1.866,1.848,1.853,25285600.0,46910233.0
2023-06-19,1.861,1.9,1.86,1.893,25544399.0,47843288.0
2023-06-20,1.908,1.924,1.892,1.901,32381200.0,61776629.0
2023-06-21,1.919,1.95,1.915,1.943,30421200.0,58648645.0
2023-06-26,1.894,1.918,1.894,1.916,22487300.0,42887342.0
2023-06-27,1.9,1.909,1.89,1.9,23491300.0,44594112.0
2023-06-28,1.888,1.899,1.881,1.893,36600000.0,69096740.0
2023-06-29,1.889,1.891,1.874,1.888,30948700.0,58269562.0
2023-06-30,1.899,1.909,1.889,1.901,29454000.0,55970334.0
2023-07-03,2.002,2.09,2.0,2.052,53928337.0,109489110.0
2023-07-04,2.023,2.023,1.997,2.014,51279656.0,102974651.0
2023-07-05,2.024,2.027,2.008,2.019,29780800.0,60097044.0
2023-07-06,2.01,2.019,2.007,2.017,29639400.0,59625357.0
2023-07-07,2.008,2.017,1.997,2.006,19061600.0,38275611.0
2023-07-10,1.996,2.009,1.982,2.008,41106243.0,82018707.0
2023-07-11,2.039,2.042,2.017,2.017,38790962.0,78636050.0
2023-07-12,2.049,2.059,2.047,2.05,45248400.0,92844860.0
2023-07-13,2.02,2.045,2.015,2.035,49904561.0,101257642.0
2023-07-14,2.054,2.063,2.035,2.036,38052100.0,78025783.0
2023-07-17,2.059,2.068,2.049,2.056,43372100.0,89361805.0
2023-07-18,2.061,2.08,2.055,2.059,45780600.0,94626089.0
2023-07-19,2.092,2.106,2.091,2.106,42737000.0,89663432.0
2023-07-20,2.11,2.121,2.105,2.121,56728400.0,119874811.0
2023-07-21,2.099,2.118,2.097,2.103,39594337.0,83401176.0
2023-07-24,2.118,2.13,2.107,2.107,46615600.0,98690794.0
2023-07-25,2.131,2.156,2.124,2.146,48323800.0,103423561.0
2023-07-26,2.144,2.164,2.137,2.161,61181323.0,131549172.0
2023-07-27,2.197,2.217,2.182,2.186,66841200.0,146997050.0
2023-07-28,2.18,2.183,2.158,2.161,57203171.0,124015262.0
2023-07-31,2.127,2.151,2.127,2.151,62032100.0,132619447.0
2023-08-01,2.159,2.177,2.159,2.173,45569298.0,98732949.0
2023-08-02,2.18,2.194,2.164,2.178,48802100.0,106223557.0
2023-08-03,2.156,2.163,2.149,2.153,53723200.0,115770944.0
2023-08-04,2.16,2.181,2.157,2.175,53929800.0,117015515.0
2023-08-07,2.16,2.17,2.148,2.151,40814000.0,88065634.0
2023-08-08,2.147,2.152,2.137,2.142,31064600.0,66650105.0
2023-08-09,2.19,2.198,2.178,2.187,41621400.0,91070276.0
2023-08-10,2.177,2.19,2.168,2.19,42970000.0,93621824.0
2023-08-11,2.197,2.21,2.191,2.206,42747700.0,94051167.0
2023-08-14,2.202,2.221,2.196,2.219,38174800.0,84316978.0
2023-08-15,2.24,2.246,2.216,2.237,68387400.0,152640130.0
2023-08-16,2.216,2.237,2.215,2.234,54231116.0,120726432.0
2023-08-17,2.246,2.28,2.245,2.27,101761297.0,230387867.0
2023-08-18,2.293,2.302,2.276,2.296,126312400.0,289323552.0
2023-08-21,2.347,2.362,2.333,2.343,136495300.0,320391056.0
2023-08-22,2.338,2.341,2.272,2.272,121539200.0,279866960.0
2023-08-23,2.28,2.304,2.264,2.27,149469900.0,341165072.0
2023-08-24,2.287,2.302,2.28,2.286,88856900.0,203532785.0
2023-08-25,2.301,2.338,2.301,2.334,132951900.0,308868656.0
2023-08-28,2.366,2.403,2.353,2.357,158304485.0,376527392.0
2023-08-29,2.366,2.389,2.357,2.372,91589900.0,217537097.0
2023-08-30,2.36,2.372,2.351,2.367,76029500.0,179603706.0
2023-08-31,2.371,2.38,2.364,2.372,65897600.0,156247878.0
2023-09-01,2.355,2.363,2.333,2.347,100534300.0,236288801.0
2023-09-04,2.343,2.343,2.298,2.304,133220401.0,308340864.0
2023-09-05,2.335,2.347,2.324,2.329,128004900.0,299138672.0
2023-09-06,2.365,2.367,2.353,2.365,99434500.0,234814644.0
2023-09-07,2.369,2.37,2.352,2.368,98789000.0,233407308.0
2023-09-08,2.334,2.34,2.317,2.324,98680200.0,229649456.0
2023-09-11,2.346,2.356,2.341,2.347,58277100.0,136879208.0
2023-09-12,2.349,2.353,2.316,2.321,80584200.0,187883918.0
2023-09-13,2.29,2.291,2.273,2.284,81156700.0,185293389.0
2023-09-14,2.283,2.289,2.266,2.272,73209900.0,166748386.0
2023-09-15,2.296,2.324,2.296,2.32,98546700.0,227690424.0
2023-09-18,2.3,2.307,2.29,2.302,73972800.0,170131808.0
2023-09-19,2.275,2.275,2.242,2.251,71658600.0,161760800.0
2023-09-20,2.27,2.281,2.259,2.276,86707800.0,196959433.0
2023-09-21,2.27,2.27,2.246,2.253,68705170.0,155056755.0
2023-09-22,2.24,2.268,2.24,2.261,49744000.0,112240818.0
2023-09-25,2.253,2.262,2.238,2.253,61233500.0,137705355.0
2023-09-26,2.276,2.292,2.264,2.268,69966300.0,159573206.0
2023-09-27,2.268,2.295,2.268,2.288,46978300.0,107291013.0
2023-09-28,2.29,2.293,2.273,2.283,53184200.0,121378773.0
2023-10-09,2.228,2.232,2.208,2.212,47658800.0,105861225.0
2023-10-10,2.187,2.195,2.17,2.172,71572500.0,156393419.0
2023-10-11,2.185,2.188,2.152,2.165,74434700.0,161652763.0
2023-10-12,2.169,2.181,2.166,2.181,51693000.0,112304902.0
2023-10-13,2.211,2.225,2.211,2.216,51308000.0,113773986.0
2023-10-16,2.22,2.226,2.207,2.224,29002000.0,64328807.0
2023-10-17,2.223,2.226,2.213,2.22,20721300.0,46024621.0
2023-10-18,2.256,2.26,2.226,2.227,28567800.0,64120070.0
2023-10-19,2.236,2.245,2.229,2.237,29042700.0,64959895.0
2023-10-20,2.251,2.252,2.237,2.242,27770600.0,62338921.0
2023-10-23,2.227,2.234,2.217,2.222,23225100.0,51647964.0
2023-10-24,2.2,2.208,2.192,2.208,22020500.0,48449963.0
2023-10-25,2.251,2.252,2.224,2.232,27450100.0,61453926.0
2023-10-26,2.22,2.241,2.218,2.238,18686700.0,41731181.0
2023-10-27,2.24,2.254,2.239,2.251,30956700.0,69546893.0
2023-10-30,2.281,2.3,2.28,2.291,41079900.0,94105448.0
2023-10-31,2.254,2.26,2.243,2.244,38301800.0,86121240.0
2023-11-01,2.256,2.271,2.246,2.268,36054200.0,81456290.0
2023-11-02,2.286,2.298,2.28,2.298,29709085.0,67973778.0
2023-11-03,2.31,2.322,2.306,2.315,46586375.0,107794256.0
2023-11-06,2.343,2.364,2.337,2.357,47966600.0,112752658.0
2023-11-07,2.369,2.372,2.349,2.351,46501900.0,109877048.0
2023-11-08,2.372,2.376,2.354,2.366,39109200.0,92588084.0
2023-11-09,2.36,2.361,2.347,2.359,26182400.0,61646087.0
2023-11-10,2.32,2.321,2.306,2.306,29765600.0,68819722.0
2023-11-13,2.316,2.329,2.311,2.322,35570000.0,82556479.0
2023-11-14,2.354,2.357,2.344,2.344,29346100.0,68962033.0
2023-11-15,2.367,2.368,2.357,2.368,29294400.0,69245344.0
2023-11-16,2.363,2.364,2.346,2.364,35118200.0,82798599.0
2023-11-17,2.323,2.323,2.307,2.311,33033700.0,76428030.0
2023-11-20,2.27,2.289,2.265,2.283,41410900.0,94366317.0
2023-11-21,2.295,2.309,2.293,2.306,26131925.0,60145264.0
2023-11-22,2.306,2.306,2.283,2.287,21140200.0,48527019.0
2023-11-23,2.274,2.282,2.26,2.266,29074600.0,66025135.0
2023-11-24,2.268,2.28,2.268,2.273,17211720.0,39141828.0
2023-11-27,2.259,2.259,2.226,2.233,26624290.0,59487440.0
2023-11-28,2.216,2.236,2.214,2.234,28416100.0,63285424.0
2023-11-29,2.238,2.238,2.219,2.224,17450900.0,38857588.0
2023-11-30,2.223,2.23,2.215,2.227,33642600.0,74848475.0
2023-12-01,2.218,2.225,2.193,2.209,33387619.0,73690206.0
2023-12-04,2.209,2.229,2.209,2.225,32707700.0,72611925.0
2023-12-05,2.23,2.24,2.216,2.235,46879000.0,104589130.0
2023-12-06,2.225,2.232,2.216,2.228,58698500.0,130547346.0
2023-12-07,2.219,2.228,2.206,2.221,30647500.0,68025231.0
2023-12-08,2.229,2.246,2.228,2.245,30600600.0,68467632.0
2023-12-11,2.246,2.254,2.245,2.245,29345400.0,66000139.0
2023-12-12,2.28,2.286,2.268,2.279,34299100.0,78134104.0
2023-12-13,2.265,2.275,2.26,2.274,26578400.0,60276871.0
2023-12-14,2.258,2.258,2.235,2.235,30259000.0,67951629.0
2023-12-15,2.256,2.26,2.235,2.235,30609800.0,68853750.0
2023-12-18,2.224,2.224,2.206,2.216,23316600.0,51603983.0
2023-12-19,2.233,2.235,2.218,2.218,22651100.0,50467859.0
2023-12-20,2.205,2.209,2.195,2.203,21967100.0,48371280.0
2023-12-21,2.203,2.208,2.183,2.203,29681700.0,65117605.0
2023-12-22,2.184,2.19,2.174,2.182,25807100.0,56333757.0
2023-12-25,2.185,2.203,2.185,2.196,34139700.0,74928781.0
2023-12-26,2.211,2.211,2.19,2.194,28912200.0,63582746.0
2023-12-27,2.204,2.213,2.197,2.213,33361100.0,73516302.0
2023-12-28,2.214,2.218,2.204,2.21,33528600.0,74085903.0
2023-12-29,2.2,2.2,2.182,2.183,29542800.0,64735235.0
2024-01-02,2.143,2.147,2.13,2.135,54317200.0,116222798.0
2024-01-03,2.131,2.136,2.125,2.134,40009900.0,85216651.0
2024-01-04,2.142,2.146,2.136,2.143,29440300.0,63038417.0
2024-01-05,2.125,2.125,2.102,2.11,38215519.0,80840651.0
2024-01-08,2.09,2.09,2.073,2.077,41538300.0,86438935.0
2024-01-09,2.076,2.083,2.073,2.08,25548500.0,53089511.0
2024-01-10,2.076,2.076,2.061,2.065,26859100.0,55542095.0
2024-01-11,2.05,2.066,2.046,2.06,35506701.0,72974641.0
2024-01-12,2.04,2.042,2.025,2.026,39228200.0,79789857.0
2024-01-15,2.023,2.026,2.015,2.018,34929900.0,70566171.0
2024-01-16,2.016,2.025,2.006,2.024,36679300.0,73799307.0
2024-01-17,2.024,2.026,2.004,2.005,29405400.0,59327876.0
2024-01-18,1.98,1.994,1.961,1.987,51812510.0,102487110.0
2024-01-19,2.002,2.005,1.994,1.994,23474400.0,46934521.0
2024-01-22,1.996,2.014,1.992,2.001,46040500.0,92249306.0
2024-01-23,2.002,2.013,2.0,2.002,36749500.0,73688444.0
2024-01-24,2.017,2.024,2.011,2.022,49812600.0,100525979.0
2024-01-25,2.021,2.021,1.995,2.007,51498800.0,103521384.0
2024-01-26,1.982,1.99,1.969,1.976,52863400.0,104525005.0
2024-01-29,1.939,1.945,1.931,1.939,37025500.0,71757844.0
2024-01-30,1.937,1.937,1.924,1.934,25861200.0,49931871.0
2024-01-31,1.969,1.989,1.961,1.97,59609500.0,117530744.0
2024-02-01,1.985,2.005,1.984,2.002,74450300.0,148639024.0
2024-02-02,1.98,1.992,1.963,1.966,73319400.0,145105142.0
2024-02-05,1.959,1.975,1.954,1.965,41293381.0,81248641.0
2024-02-06,1.975,1.975,1.964,1.97,27792300.0,54719065.0
2024-02-07,1.972,1.977,1.953,1.957,37763500.0,74175373.0
2024-02-08,1.953,1.974,1.952,1.973,25689200.0,50462359.0
2024-02-19,1.978,2.002,1.973,2.0,45886800.0,91377886.0
2024-02-20,2.004,2.005,1.99,1.993,30497600.0,60845021.0
2024-02-21,1.976,1.981,1.971,1.976,62049000.0,122598463.0
2024-02-22,1.969,1.971,1.957,1.971,49061800.0,96274729.0
2024-02-23,1.964,1.973,1.96,1.972,45785500.0,90003954.0
2024-02-26,1.972,1.979,1.963,1.968,56545300.0,111517989.0
2024-02-27,1.983,1.994,1.983,1.994,73645200.0,146378936.0
2024-02-28,1.99,1.997,1.985,1.991,52208800.0,103963498.0
2024-02-29,1.996,1.999,1.988,1.99,41692200.0,83088220.0
2024-03-01,1.996,2.034,1.996,2.034,104922400.0,211791047.0
2024-03-04,2.06,2.071,2.052,2.07,129137100.0,265992584.0
2024-03-05,2.064,2.073,2.057,2.064,121890700.0,251686100.0
2024-03-06,2.072,2.074,2.058,2.063,75063300.0,155135213.0
2024-03-07,2.06,2.078,2.058,2.071,76290600.0,157755461.0
2024-03-08,2.082,2.132,2.082,2.129,195958700.0,413028272.0
2024-03-11,2.132,2.146,2.111,2.116,188312400.0,399633824.0
2024-03-12,2.126,2.143,2.118,2.119,174425700.0,371533904.0
2024-03-13,2.125,2.129,2.111,2.119,125210353.0,265229498.0
2024-03-14,2.125,2.161,2.122,2.156,192183300.0,411826512.0
2024-03-15,2.155,2.178,2.141,2.167,203627500.0,439414400.0
2024-03-18,2.184,2.189,2.146,2.148,190575176.0,412915264.0
2024-03-19,2.154,2.17,2.151,2.168,146928200.0,317451520.0
2024-03-20,2.174,2.196,2.165,2.192,171043300.0,373058016.0
2024-03-21,2.225,2.256,2.217,2.23,229027800.0,511547088.0
2024-03-22,2.217,2.218,2.18,2.192,207540830.0,455540592.0
2024-03-25,2.158,2.158,2.122,2.134,194427200.0,415204336.0
2024-03-26,2.146,2.157,2.136,2.139,128399798.0,275578352.0
2024-03-27,2.14,2.153,2.125,2.147,111587600.0,238687057.0
2024-03-28,2.126,2.126,2.104,2.11,135506448.0,285994816.0
2024-03-29,2.13,2.14,2.121,2.137,152708401.0,325218784.0
2024-04-01,2.138,2.157,2.136,2.157,108344500.0,232917639.0
2024-04-02,2.147,2.15,2.133,2.137,106216067.0,227463429.0
2024-04-03,2.107,2.126,2.104,2.123,98651974.0,208585049.0
2024-04-08,2.143,2.155,2.135,2.141,101916400.0,218747918.0
2024-04-09,2.141,2.158,2.14,2.15,90748300.0,195252688.0
2024-04-10,2.153,2.153,2.135,2.143,61777300.0,132567671.0
2024-04-11,2.124,2.131,2.115,2.12,67947200.0,144260544.0
2024-04-12,2.121,2.141,2.117,2.141,78009300.0,166003966.0
2024-04-15,2.165,2.174,2.162,2.169,106466899.0,230953736.0
2024-04-16,2.178,2.209,2.177,2.19,147512800.0,323811680.0
2024-04-17,2.143,2.144,2.122,2.125,118596100.0,253102867.0
2024-04-18,2.129,2.146,2.128,2.142,123685799.0,264075307.0
2024-04-19,2.143,2.172,2.141,2.163,173797700.0,375050880.0
2024-04-22,2.166,2.17,2.151,2.156,95018800.0,205482147.0
2024-04-23,2.178,2.195,2.16,2.167,158919100.0,346349296.0
