日期,收盘,开盘,高,低,交易量,涨跌幅
2022/10/14,7.75,7.5,7.83,7.39,48.10M,4.87%
2022/10/13,7.39,7.36,7.51,7.26,32.13M,0.27%
2022/10/12,7.37,7.14,7.43,6.92,38.26M,3.22%
2022/10/11,7.14,7,7.2,6.99,27.06M,1.71%
2022/10/10,7.02,7.32,7.32,6.93,30.16M,-3.04%
2022/9/30,7.24,7.25,7.41,7.12,29.56M,-1.50%
2022/9/29,7.35,7.37,7.42,7.17,30.65M,0.96%
2022/9/28,7.28,7.54,7.68,7.25,33.34M,-3.58%
2022/9/27,7.55,7.53,7.65,7.39,27.49M,0.80%
2022/9/26,7.49,7.4,7.65,7.35,28.61M,0.00%
2022/9/23,7.49,7.65,7.82,7.4,30.48M,-2.22%
2022/9/22,7.66,7.53,7.75,7.5,26.95M,0.52%
2022/9/21,7.62,7.58,7.68,7.44,31.03M,0.00%
2022/9/20,7.62,7.42,7.77,7.4,42.22M,3.96%
2022/9/19,7.33,7.47,7.6,7.26,37.65M,-1.87%
2022/9/16,7.47,7.71,7.78,7.47,39.93M,-3.36%
2022/9/15,7.73,8.33,8.38,7.57,80.40M,-6.53%
2022/9/14,8.27,8.29,8.52,8.21,37.28M,-2.71%
2022/9/13,8.5,8.71,8.78,8.45,34.41M,-2.19%
2022/9/9,8.69,8.82,8.88,8.47,45.20M,-1.36%
2022/9/8,8.81,8.96,9.2,8.78,59.27M,-1.78%
2022/9/7,8.97,8.47,9.07,8.43,81.61M,4.18%
2022/9/6,8.61,8.12,8.65,7.96,72.61M,6.82%
2022/9/5,8.06,8.03,8.23,7.99,44.67M,-0.12%
2022/9/2,8.07,8.16,8.34,8.01,56.98M,-1.82%
2022/9/1,8.22,8.49,8.56,8.13,73.47M,-3.18%
2022/8/31,8.49,9.43,9.53,8.49,146.38M,-9.97%
2022/8/30,9.43,9.83,9.94,9.4,88.94M,-4.94%
2022/8/29,9.92,9.58,10.1,9.52,182.75M,2.80%
2022/8/26,9.65,9.3,9.65,9.28,183.50M,10.03%
2022/8/25,8.77,9.07,9.18,8.58,65.67M,-3.31%
2022/8/24,9.07,9.54,9.59,9.01,69.76M,-4.63%
2022/8/23,9.51,9.72,9.83,9.45,69.14M,-3.06%
2022/8/22,9.81,9.6,9.92,9.35,124.75M,2.29%
2022/8/19,9.59,9.47,9.86,9.19,126.14M,1.27%
2022/8/18,9.47,9.4,9.71,9.4,61.67M,-0.21%
2022/8/17,9.49,9.64,9.74,9.44,81.24M,-1.45%
2022/8/16,9.63,9.6,9.79,9.45,105.08M,1.37%
2022/8/15,9.5,9.3,9.63,9.24,107.52M,0.53%
2022/8/12,9.45,8.88,9.8,8.88,155.02M,6.06%
2022/8/11,8.91,9.29,9.35,8.81,89.50M,0.11%
2022/8/10,8.9,8.76,9.12,8.57,59.29M,0.68%
2022/8/9,8.84,8.78,9.13,8.7,65.18M,0.80%
2022/8/8,8.77,8.57,8.86,8.41,41.14M,2.45%
2022/8/5,8.56,8.55,8.63,8.35,40.70M,0.47%
2022/8/4,8.52,8.41,8.67,8.37,45.75M,1.91%
2022/8/3,8.36,8.73,8.97,8.26,81.62M,-3.91%
2022/8/2,8.7,9.01,9.1,8.66,77.32M,-5.23%
2022/8/1,9.18,9.09,9.25,8.86,49.48M,1.10%
2022/7/29,9.08,9.15,9.35,9.05,55.30M,-1.30%
2022/7/28,9.2,9.25,9.53,9.12,78.61M,-1.18%
2022/7/27,9.31,8.99,9.4,8.88,92.16M,4.14%
2022/7/26,8.94,8.75,9.12,8.57,90.89M,-0.11%
2022/7/25,8.95,9.87,9.96,8.95,147.79M,-9.96%
2022/7/22,9.94,10.55,10.55,9.89,143.96M,-5.33%
2022/7/21,10.5,9.89,10.61,9.47,234.52M,4.06%
2022/7/20,10.09,9.64,10.29,9.38,185.94M,5.21%
2022/7/19,9.59,9.53,10.03,9.24,151.97M,1.16%
2022/7/18,9.48,10.23,10.5,9.41,183.16M,-3.56%
2022/7/15,9.83,9.31,10.19,9.18,190.97M,5.81%
2022/7/14,9.29,9.01,9.53,8.8,156.83M,0.98%
2022/7/13,9.2,9.89,10.32,9.07,252.14M,-4.66%
2022/7/12,9.65,9.03,9.65,9.03,65.68M,10.03%
2022/7/11,8.77,9.2,9.3,8.51,151.98M,-4.67%
2022/7/8,9.2,10.07,10.17,8.99,237.47M,-6.88%
2022/7/7,9.88,10.06,10.49,9.84,226.27M,-1.89%
2022/7/6,10.07,10.74,10.87,9.81,287.35M,-4.73%
2022/7/5,10.57,10.25,10.67,10.25,383.93M,8.97%
2022/7/4,9.7,9,9.7,8.89,230.52M,9.98%
2022/7/1,8.82,8.32,8.82,8.28,167.94M,9.98%
2022/6/30,8.02,7.44,8.18,7.4,138.89M,7.80%
2022/6/29,7.44,7.63,7.88,7.42,51.38M,-3.00%
2022/6/28,7.67,7.58,7.71,7.41,51.04M,1.46%
2022/6/27,7.56,7.45,7.73,7.39,72.93M,3.28%
2022/6/24,7.32,7.13,7.43,7.13,45.27M,2.38%
2022/6/23,7.15,6.97,7.16,6.86,48.00M,2.44%
2022/6/22,6.98,7,7.18,6.92,46.30M,0.43%
2022/6/21,6.95,6.99,7.14,6.83,40.75M,-0.29%
2022/6/20,6.97,7,7.15,6.95,44.69M,0.29%
2022/6/17,6.95,6.68,7.04,6.66,52.88M,2.96%
2022/6/16,6.75,6.6,6.89,6.6,45.39M,2.27%
2022/6/15,6.6,6.69,6.77,6.57,39.05M,-1.05%
2022/6/14,6.67,6.65,6.69,6.44,41.62M,-1.19%
2022/6/13,6.75,6.62,6.76,6.58,39.51M,1.20%
2022/6/10,6.67,6.3,6.73,6.28,53.69M,5.37%
2022/6/9,6.33,6.48,6.56,6.3,28.53M,-2.62%
2022/6/8,6.5,6.55,6.62,6.34,36.91M,-1.22%
2022/6/7,6.58,6.68,6.83,6.52,34.89M,-0.45%
2022/6/6,6.61,6.43,6.67,6.34,38.01M,3.28%
2022/6/2,6.4,6.29,6.48,6.24,28.66M,1.59%
2022/6/1,6.3,6.32,6.36,6.23,18.49M,-0.63%
2022/5/31,6.34,6.29,6.36,6.18,26.63M,1.77%
2022/5/30,6.23,6.21,6.24,6.09,21.52M,0.16%
2022/5/27,6.22,6.35,6.4,6.15,23.91M,-1.74%
2022/5/26,6.33,6.42,6.44,6.25,30.83M,-1.56%
2022/5/25,6.43,6.13,6.61,6.06,56.90M,4.89%
2022/5/24,6.13,6.38,6.58,6.12,46.77M,-4.07%
2022/5/23,6.39,6.27,6.44,6.19,34.53M,1.75%
2022/5/20,6.28,6.21,6.3,6.14,40.43M,1.13%
2022/5/19,6.21,5.81,6.32,5.73,68.61M,5.79%
2022/5/18,5.87,5.84,5.93,5.8,21.86M,0.51%
2022/5/17,5.84,5.72,5.87,5.65,27.92M,2.28%
2022/5/16,5.71,5.89,5.91,5.68,18.28M,-1.21%
2022/5/13,5.78,5.8,5.84,5.67,18.04M,0.35%
2022/5/12,5.76,5.7,5.83,5.67,25.86M,0.88%
2022/5/11,5.71,5.52,5.94,5.52,45.00M,3.44%
2022/5/10,5.52,5.31,5.58,5.26,32.29M,2.99%
2022/5/9,5.36,5.34,5.43,5.31,14.62M,0.37%
2022/5/6,5.34,5.41,5.43,5.31,20.04M,-3.09%
2022/5/5,5.51,5.44,5.57,5.39,30.60M,1.29%
2022/4/29,5.44,5.18,5.5,5.16,47.80M,5.22%
2022/4/28,5.17,5.12,5.3,5.02,64.68M,-7.35%
2022/4/27,5.58,5.12,5.59,5.04,40.48M,7.51%
2022/4/26,5.19,5.37,5.49,5.17,30.65M,-4.60%
2022/4/25,5.44,5.88,5.88,5.4,32.60M,-9.33%
2022/4/22,6,5.97,6.06,5.9,20.44M,-0.33%
2022/4/21,6.02,6.27,6.3,6,25.50M,-4.90%
2022/4/20,6.33,6.36,6.46,6.27,20.71M,-0.47%
2022/4/19,6.36,6.33,6.56,6.3,30.39M,0.63%
2022/4/18,6.32,6.19,6.34,6.06,22.09M,1.94%
2022/4/15,6.2,6.22,6.28,6.14,16.81M,-1.27%
2022/4/14,6.28,6.32,6.35,6.23,14.25M,0.64%
2022/4/13,6.24,6.38,6.38,6.24,16.33M,-2.65%
2022/4/12,6.41,6.34,6.45,6.21,23.78M,0.47%
2022/4/11,6.38,6.76,6.77,6.33,32.88M,-5.48%
2022/4/8,6.75,6.86,6.89,6.64,25.09M,-1.46%
2022/4/7,6.85,7.09,7.13,6.85,32.99M,-3.93%
2022/4/6,7.13,7.25,7.26,7.04,27.78M,-2.06%
2022/4/1,7.28,7.24,7.32,7.16,16.48M,0.14%
2022/3/31,7.27,7.48,7.48,7.23,27.40M,-3.07%
2022/3/30,7.5,7.46,7.55,7.41,19.52M,0.81%
2022/3/29,7.44,7.54,7.59,7.38,17.36M,-1.33%
2022/3/28,7.54,7.5,7.58,7.4,17.41M,0.40%
2022/3/25,7.51,7.7,7.72,7.5,20.28M,-1.96%
2022/3/24,7.66,7.81,7.84,7.61,24.59M,-2.54%
2022/3/23,7.86,7.91,8.02,7.83,23.85M,0.38%
2022/3/22,7.83,7.9,7.93,7.82,19.95M,-0.63%
2022/3/21,7.88,7.85,7.99,7.79,23.84M,0.25%
2022/3/18,7.86,7.8,7.91,7.77,21.33M,-0.25%
2022/3/17,7.88,7.77,8.04,7.7,37.27M,2.87%
2022/3/16,7.66,7.55,7.68,7.14,40.82M,2.96%
2022/3/15,7.44,7.98,7.99,7.43,45.95M,-7.00%
2022/3/14,8,8.3,8.32,7.98,29.76M,-4.42%
2022/3/11,8.37,8.38,8.49,8.16,37.59M,-1.65%
2022/3/10,8.51,8.45,8.66,8.36,46.93M,3.03%
2022/3/9,8.26,8.35,8.49,7.82,39.94M,-0.36%
2022/3/8,8.29,8.38,8.47,8.14,30.49M,-0.36%
2022/3/7,8.32,8.6,8.6,8.28,33.39M,-3.48%
2022/3/4,8.62,8.6,8.73,8.58,22.25M,-0.81%
2022/3/3,8.69,8.94,8.96,8.69,37.94M,-2.80%
2022/3/2,8.94,9,9.05,8.77,52.80M,1.71%
2022/3/1,8.79,8.85,8.9,8.73,34.89M,0.80%
2022/2/28,8.72,8.7,8.85,8.58,34.83M,0.23%
2022/2/25,8.7,8.73,8.78,8.59,31.64M,0.93%
2022/2/24,8.62,8.71,8.95,8.45,57.89M,-1.93%
2022/2/23,8.79,8.5,8.82,8.48,51.46M,4.15%
2022/2/22,8.44,8.35,8.51,8.3,30.01M,0.36%
2022/2/21,8.41,8.38,8.42,8.26,24.96M,0.12%
2022/2/18,8.4,8.45,8.45,8.32,29.68M,0.24%
2022/2/17,8.38,8.12,8.44,8.09,49.75M,2.95%
2022/2/16,8.14,8.16,8.18,8.07,14.70M,0.62%
2022/2/15,8.09,8.03,8.12,8,16.83M,1.51%
2022/2/14,7.97,7.97,8.02,7.87,15.92M,-0.62%
2022/2/11,8.02,8.19,8.26,8.01,23.25M,-2.43%
2022/2/10,8.22,8.26,8.28,8.19,18.87M,-0.72%
2022/2/9,8.28,8.23,8.31,8.18,24.18M,0.73%
2022/2/8,8.22,8.22,8.24,8.08,19.32M,0.00%
2022/2/7,8.22,8.15,8.26,8.12,22.12M,2.49%
2022/1/28,8.02,8.08,8.17,7.77,29.02M,-0.12%
2022/1/27,8.03,8.15,8.23,8,21.83M,-1.71%
2022/1/26,8.17,8.07,8.24,7.98,27.15M,1.24%
2022/1/25,8.07,8.29,8.42,8.07,24.91M,-3.35%
2022/1/24,8.35,8.13,8.43,8.11,25.63M,1.58%
2022/1/21,8.22,8.36,8.49,8.12,33.80M,-1.32%
2022/1/20,8.33,8.73,8.74,8.33,38.03M,-4.91%
2022/1/19,8.76,8.85,8.9,8.71,18.77M,-1.79%
2022/1/18,8.92,8.81,8.94,8.78,32.19M,1.48%
2022/1/17,8.79,8.74,8.83,8.7,19.10M,1.15%
2022/1/14,8.69,8.64,8.76,8.6,19.49M,0.23%
2022/1/13,8.67,8.8,8.82,8.66,25.65M,-2.25%
2022/1/12,8.87,8.65,8.88,8.61,30.46M,2.78%
2022/1/11,8.63,8.62,8.72,8.6,18.43M,0.12%
2022/1/10,8.62,8.85,8.87,8.56,28.80M,-2.49%
2022/1/7,8.84,8.84,8.94,8.82,25.12M,0.00%
2022/1/6,8.84,8.83,8.95,8.8,30.23M,-1.01%
2022/1/5,8.93,9.12,9.12,8.88,34.77M,-1.76%
2022/1/4,9.09,9.2,9.21,9,35.10M,-0.87%
2021/12/31,9.17,8.96,9.28,8.96,53.93M,2.69%
2021/12/30,8.93,9,9.1,8.88,45.14M,-1.11%
2021/12/29,9.03,9.06,9.07,8.88,37.51M,-0.33%
2021/12/28,9.06,9.05,9.14,8.9,47.12M,0.67%
2021/12/27,9,9.61,9.69,8.99,76.50M,-6.35%
2021/12/24,9.61,10.04,10.06,9.61,46.62M,-4.09%
2021/12/23,10.02,9.93,10.04,9.87,31.05M,0.50%
2021/12/22,9.97,9.88,10.09,9.86,23.20M,0.71%
2021/12/21,9.9,9.82,9.94,9.8,21.20M,0.71%
2021/12/20,9.83,10.07,10.13,9.83,40.77M,-3.06%
2021/12/17,10.14,10.25,10.35,10.13,41.08M,-2.31%
2021/12/16,10.38,10.52,10.53,10.35,30.41M,-0.76%
2021/12/15,10.46,10.32,10.58,10.3,34.89M,0.67%
2021/12/14,10.39,10.59,10.61,10.37,39.55M,-2.07%
2021/12/13,10.61,10.69,10.85,10.58,51.74M,-0.84%
2021/12/10,10.7,10.54,10.75,10.45,47.19M,1.33%
2021/12/9,10.56,10.55,10.65,10.46,40.52M,-1.12%
2021/12/8,10.68,10.91,10.99,10.63,63.18M,2.20%
2021/12/7,10.45,10.52,10.56,10.26,34.11M,0.29%
2021/12/6,10.42,10.4,10.63,10.35,38.17M,-0.95%
2021/12/3,10.52,10.26,10.52,10.03,68.64M,0.29%
2021/12/2,10.49,10.75,10.75,10.41,59.30M,-2.78%
2021/12/1,10.79,11.15,11.15,10.68,117.54M,-4.60%
2021/11/30,11.31,11.49,11.62,11.25,58.65M,-0.88%
2021/11/29,11.41,11.33,11.52,11.23,55.35M,-0.52%
2021/11/26,11.47,11.4,11.55,11.34,63.19M,0.53%
2021/11/25,11.41,11.76,11.85,11.4,89.54M,-2.89%
2021/11/24,11.75,12.12,12.24,11.75,122.69M,-3.61%
2021/11/23,12.19,12,12.85,12,278.06M,4.37%
2021/11/22,11.68,11.39,11.86,11.19,135.97M,4.29%
2021/11/19,11.2,11.06,11.24,10.83,71.78M,1.63%
2021/11/18,11.02,10.9,11.16,10.83,51.60M,0.27%
2021/11/17,10.99,10.87,11.16,10.78,52.87M,0.55%
2021/11/16,10.93,11.14,11.14,10.83,46.98M,-1.71%
2021/11/15,11.12,11.16,11.3,10.97,54.03M,-0.36%
2021/11/12,11.16,11.09,11.36,11,65.10M,1.09%
2021/11/11,11.04,11.12,11.29,10.91,47.47M,-1.60%
2021/11/10,11.22,10.9,11.29,10.73,67.88M,2.00%
2021/11/9,11,11.21,11.36,10.92,59.26M,-0.27%
2021/11/8,11.03,10.81,11.03,10.68,65.43M,0.27%
2021/11/5,11,11.92,11.92,10.95,159.65M,-7.95%
2021/11/4,11.95,11.2,11.95,11.2,90.50M,10.04%
2021/11/3,10.86,11.12,11.21,10.67,74.81M,-3.81%
2021/11/2,11.29,11.61,11.7,11.04,91.47M,-4.24%
2021/11/1,11.79,11.3,11.93,11.24,128.66M,3.42%
2021/10/29,11.4,10.76,11.48,10.32,113.40M,4.68%
2021/10/28,10.89,11.29,11.53,10.77,73.41M,-3.46%
2021/10/27,11.28,11.38,11.52,11.18,71.04M,-0.88%
2021/10/26,11.38,11.09,11.7,11.04,102.18M,2.61%
2021/10/25,11.09,10.88,11.22,10.82,63.55M,3.07%
2021/10/22,10.76,10.94,11.08,10.7,52.31M,-1.91%
2021/10/21,10.97,11.5,11.5,10.83,120.28M,-5.10%
2021/10/20,11.56,11.12,11.72,10.97,96.81M,3.49%
2021/10/19,11.17,11.12,11.3,11.04,47.99M,-0.71%
2021/10/18,11.25,11.14,11.41,11.03,51.25M,0.54%
2021/10/15,11.19,10.99,11.41,10.93,53.34M,1.63%
2021/10/14,11.01,10.6,11.21,10.5,60.63M,2.80%
2021/10/13,10.71,10.21,10.83,10.11,62.14M,5.10%
2021/10/12,10.19,10.4,10.56,9.94,58.91M,-2.30%
2021/10/11,10.43,10.9,10.98,10.22,57.43M,-3.78%
2021/10/8,10.84,11.85,11.96,10.7,102.14M,-7.90%
2021/9/30,11.77,11.89,12.12,11.4,86.05M,-1.51%
2021/9/29,11.95,12,12.26,11.64,98.24M,-3.47%
2021/9/28,12.38,11.48,12.57,11.48,126.09M,4.56%
2021/9/27,11.84,13.3,13.41,11.84,213.60M,-10.03%
2021/9/24,13.16,11.95,13.16,11.7,161.20M,10.03%
2021/9/23,11.96,12.19,12.65,11.9,86.33M,-0.83%
2021/9/22,12.06,11.45,12.25,11.34,77.15M,4.06%
2021/9/17,11.59,11.57,12.1,11.29,77.51M,-1.95%
2021/9/16,11.82,12.61,12.65,11.74,130.11M,-7.37%
2021/9/15,12.76,12.16,12.85,12.08,130.06M,5.80%
2021/9/14,12.06,12.12,12.53,11.91,92.99M,0.17%
2021/9/13,12.04,12.11,12.3,11.93,57.51M,-1.15%
2021/9/10,12.18,12.16,12.38,11.85,86.21M,-0.16%
2021/9/9,12.2,12.2,12.41,11.88,95.57M,-0.97%
2021/9/8,12.32,13.2,13.35,12.29,149.36M,-5.67%
2021/9/7,13.06,12.48,13.17,12.25,140.07M,6.35%
2021/9/6,12.28,12.56,12.7,11.66,133.26M,-2.23%
2021/9/3,12.56,12.2,13.5,12.13,174.21M,1.87%
2021/9/2,12.33,11.84,12.48,11.81,136.76M,4.58%
2021/9/1,11.79,12.5,12.65,11.48,158.50M,-4.53%
2021/8/31,12.35,12.55,12.72,12.18,131.39M,-0.16%
2021/8/30,12.37,12.49,12.73,12.24,182.75M,1.14%
2021/8/27,12.23,12.05,12.62,11.98,177.07M,2.69%
2021/8/26,11.91,11.57,12.26,11.38,249.56M,4.38%
2021/8/25,11.41,10.65,11.58,10.58,170.30M,7.14%
2021/8/24,10.65,10.25,10.92,10.18,105.24M,3.90%
2021/8/23,10.25,9.84,10.31,9.84,86.53M,4.49%
2021/8/20,9.81,9.84,9.99,9.68,59.38M,-0.91%
2021/8/19,9.9,9.89,10.05,9.58,64.31M,0.30%
2021/8/18,9.87,10,10.07,9.72,64.54M,-0.40%
2021/8/17,9.91,10.6,10.71,9.82,111.32M,-6.24%
2021/8/16,10.57,10.41,10.97,10.4,78.85M,0.38%
2021/8/13,10.53,11.05,11.05,10.38,125.62M,-4.88%
2021/8/12,11.07,11.26,11.26,10.9,82.28M,-1.42%
2021/8/11,11.23,10.9,11.3,10.71,131.23M,2.28%
2021/8/10,10.98,10.98,11.35,10.65,136.95M,0.37%
2021/8/9,10.94,11.3,11.35,10.78,117.39M,-2.06%
2021/8/6,11.17,10.4,11.51,10.31,221.44M,6.79%
2021/8/5,10.46,10.31,10.68,10.07,113.54M,0.00%
2021/8/4,10.46,9.75,10.57,9.67,134.05M,6.73%
2021/8/3,9.8,10.72,10.72,9.69,170.87M,-8.92%
2021/8/2,10.76,10.69,10.92,10.37,125.34M,0.65%
2021/7/30,10.69,10.43,10.9,10.26,149.18M,2.49%
2021/7/29,10.43,10.16,10.62,9.96,154.20M,5.57%
2021/7/28,9.88,10.61,10.94,9.76,222.28M,-8.77%
2021/7/27,10.83,12.06,12.18,10.83,188.79M,-9.14%
2021/7/26,11.92,11.45,12,11.13,213.02M,5.49%
2021/7/23,11.3,11.71,11.94,11.2,195.93M,-0.96%
2021/7/22,11.41,11.4,11.65,11.09,274.33M,5.94%
2021/7/21,10.77,9.7,10.77,9.7,109.86M,10.01%
2021/7/20,9.79,9.6,9.95,9.08,237.15M,-1.61%
2021/7/19,9.95,10.5,10.89,9.74,133.89M,-4.33%
2021/7/16,10.4,10.1,10.96,10.04,119.48M,2.46%
2021/7/15,10.15,9.86,10.3,9.4,104.79M,3.36%
2021/7/14,9.82,10.32,10.45,9.77,98.53M,-4.29%
2021/7/13,10.26,9.58,10.49,9.48,119.49M,7.43%
2021/7/12,9.55,9.6,9.88,9.43,79.40M,1.92%
2021/7/9,9.37,9.38,9.47,8.97,73.84M,-1.26%
2021/7/8,9.49,9.66,9.69,9.41,73.37M,0.11%
2021/7/7,9.48,9,9.55,8.94,86.04M,4.18%
2021/7/6,9.1,9.3,9.37,8.92,65.51M,-2.88%
2021/7/5,9.37,9.28,9.56,9.03,72.69M,0.75%
2021/7/2,9.3,9.61,9.69,8.92,100.51M,-5.10%
2021/7/1,9.8,9.63,9.94,9.32,122.73M,2.08%
2021/6/30,9.6,9.57,9.73,9.3,87.05M,-0.83%
2021/6/29,9.68,9.53,9.96,9.31,132.25M,2.98%
2021/6/28,9.4,9.57,9.8,9.26,78.92M,-0.32%
2021/6/25,9.43,9.5,9.87,9.41,100.50M,-1.87%
2021/6/24,9.61,9.91,10.05,9.24,137.04M,-0.52%
2021/6/23,9.66,9.7,10.13,9.43,228.56M,2.44%
2021/6/22,9.43,8.85,9.43,8.82,135.74M,10.04%
2021/6/21,8.57,7.72,8.57,7.64,112.59M,10.01%
2021/6/18,7.79,7.62,7.85,7.61,29.64M,1.43%
2021/6/17,7.68,7.56,7.74,7.53,24.37M,1.19%
2021/6/16,7.59,8.16,8.21,7.59,55.48M,-7.78%
2021/6/15,8.23,8.52,8.63,8.09,57.65M,-4.97%
2021/6/11,8.66,8.58,8.88,8.51,77.19M,0.58%
2021/6/10,8.61,8.35,8.78,8.31,67.93M,3.11%
2021/6/9,8.35,8.21,8.38,8.13,30.97M,1.58%
2021/6/8,8.22,8.2,8.35,8.11,29.47M,0.24%
2021/6/7,8.2,8.34,8.43,8.11,38.11M,-0.97%
2021/6/4,8.28,8.27,8.41,8.22,32.80M,-0.24%
2021/6/3,8.3,8.49,8.56,8.26,38.76M,-2.35%
2021/6/2,8.5,8.77,8.86,8.47,54.92M,-3.41%
2021/6/1,8.8,8.53,8.87,8.45,86.83M,2.68%
2021/5/31,8.57,8.07,8.74,8.01,93.47M,6.59%
2021/5/28,8.04,8.01,8.28,7.9,56.78M,0.50%
2021/5/27,8,7.86,8.1,7.82,47.10M,1.91%
2021/5/26,7.85,7.93,7.94,7.81,32.84M,-0.76%
2021/5/25,7.91,7.86,7.97,7.71,32.53M,0.64%
2021/5/24,7.86,8.1,8.11,7.8,41.77M,-2.84%
2021/5/21,8.09,8.15,8.25,7.96,51.35M,1.00%
2021/5/20,8.01,7.96,8.16,7.88,81.83M,0.63%
2021/5/19,7.96,7.5,8.27,7.43,107.57M,5.85%
2021/5/18,7.52,7.78,7.79,7.5,31.60M,-2.97%
2021/5/17,7.75,7.59,7.86,7.56,33.28M,1.97%
2021/5/14,7.6,7.49,7.66,7.36,27.52M,3.12%
2021/5/13,7.37,7.49,7.55,7.37,22.68M,-3.03%
2021/5/12,7.6,7.49,7.63,7.42,21.49M,1.20%
2021/5/11,7.51,7.5,7.53,7.29,28.02M,-0.66%
2021/5/10,7.56,7.63,7.8,7.46,32.60M,-1.69%
2021/5/7,7.69,8.02,8.03,7.69,41.68M,-4.47%
2021/5/6,8.05,8,8.23,7.96,36.54M,0.00%
2021/4/30,8.05,7.87,8.14,7.79,46.15M,2.16%
2021/4/29,7.88,7.77,7.96,7.63,36.61M,1.55%
2021/4/28,7.76,7.63,7.94,7.63,40.56M,2.37%
2021/4/27,7.58,7.65,7.68,7.45,26.09M,-1.30%
2021/4/26,7.68,7.61,7.93,7.49,35.08M,0.00%
2021/4/23,7.68,7.59,7.79,7.57,27.85M,1.05%
2021/4/22,7.6,7.68,7.78,7.57,27.52M,-1.04%
2021/4/21,7.68,7.67,7.84,7.59,50.72M,-2.17%
2021/4/20,7.85,7.4,8.22,7.39,91.85M,5.09%
2021/4/19,7.47,7.22,7.54,7.18,36.15M,2.75%
2021/4/16,7.27,7.18,7.29,7.14,22.06M,1.39%
2021/4/15,7.17,7.21,7.24,7.06,23.61M,-1.65%
2021/4/14,7.29,7.18,7.29,7.14,26.12M,1.53%
2021/4/13,7.18,7.52,7.59,7.15,44.50M,-5.03%
2021/4/12,7.56,7.76,7.77,7.52,29.33M,-2.83%
2021/4/9,7.78,8,8.01,7.68,45.88M,-3.83%
2021/4/8,8.09,8.32,8.38,8.07,45.34M,-3.92%
2021/4/7,8.42,8.33,8.43,8.17,34.35M,1.20%
2021/4/6,8.32,8.2,8.55,8.18,41.50M,1.34%
2021/4/2,8.21,8.39,8.4,8.19,39.15M,-2.73%
2021/4/1,8.44,8.4,8.57,8.26,39.01M,0.96%
2021/3/31,8.36,8.45,8.48,8.26,30.11M,-1.42%
2021/3/30,8.48,8.56,8.58,8.13,53.54M,-1.40%
2021/3/29,8.6,8.8,8.88,8.53,49.34M,-2.16%
2021/3/26,8.79,8.68,8.98,8.54,66.73M,-0.34%
2021/3/25,8.82,9.07,9.07,8.5,65.17M,-4.34%
2021/3/24,9.22,8.79,9.45,8.72,105.75M,4.89%
2021/3/23,8.79,9.29,9.29,8.77,127.37M,-0.79%
2021/3/22,8.86,8.06,8.86,8.05,70.07M,10.06%
2021/3/19,8.05,8,8.18,7.94,31.39M,-1.59%
2021/3/18,8.18,8.05,8.26,7.98,38.96M,1.49%
2021/3/17,8.06,7.95,8.13,7.77,30.80M,0.88%
2021/3/16,7.99,8.14,8.2,7.93,32.42M,-1.72%
2021/3/15,8.13,8.2,8.3,8.02,38.97M,-2.63%
2021/3/12,8.35,8.15,8.38,7.9,55.27M,3.34%
2021/3/11,8.08,7.88,8.17,7.8,36.55M,3.46%
2021/3/10,7.81,7.97,7.98,7.71,31.86M,1.17%
2021/3/9,7.72,8,8.11,7.52,47.01M,-4.57%
2021/3/8,8.09,8.63,8.7,8.08,55.77M,-6.26%
2021/3/5,8.63,8.7,8.78,8.55,47.20M,-2.92%
2021/3/4,8.89,9.05,9.19,8.79,74.93M,-1.44%
2021/3/3,9.02,8.81,9.02,8.68,70.49M,2.73%
2021/3/2,8.78,8.95,8.97,8.58,59.53M,-1.01%
2021/3/1,8.87,8.5,8.96,8.41,69.03M,5.60%
2021/2/26,8.4,8.01,8.41,7.95,40.38M,0.96%
2021/2/25,8.32,8.44,8.5,8.24,44.73M,-0.36%
2021/2/24,8.35,8.8,8.8,8.21,71.59M,-5.86%
2021/2/23,8.87,9.2,9.45,8.7,77.69M,-3.27%
2021/2/22,9.17,8.88,9.48,8.76,114.11M,2.34%
2021/2/19,8.96,8.81,9,8.56,71.97M,1.70%
2021/2/18,8.81,9.05,9.18,8.77,80.18M,-2.11%
2021/2/10,9,9.28,9.45,8.95,106.11M,0.22%
2021/2/9,8.98,8.31,8.98,8.2,73.32M,10.05%
2021/2/8,8.16,8.38,8.4,8.01,60.75M,-1.69%
2021/2/5,8.3,8.9,8.96,8.28,90.87M,-4.82%
2021/2/4,8.72,8.76,9.12,8.58,97.71M,-2.79%
2021/2/3,8.97,9.45,9.6,8.97,101.23M,-5.58%
2021/2/2,9.5,9.41,9.65,9.12,85.97M,2.26%
2021/2/1,9.29,9.31,9.49,9.02,75.83M,-0.64%
2021/1/29,9.35,9.87,10.24,9.35,132.20M,-10.01%
2021/1/28,10.39,11,11.04,10.39,105.50M,-9.97%
2021/1/27,11.54,11.01,11.6,10.61,117.39M,4.06%
2021/1/26,11.09,11.33,11.7,10.93,105.03M,-3.98%
2021/1/25,11.55,12.29,12.32,11,162.18M,-5.17%
2021/1/22,12.18,12,12.8,11.84,212.58M,2.44%
2021/1/21,11.89,10.8,11.89,10.69,141.53M,9.99%
2021/1/20,10.81,10.5,10.89,10.39,117.03M,3.15%
2021/1/19,10.48,11.63,11.73,10.48,185.67M,-9.97%
2021/1/18,11.64,11.43,11.75,11.3,98.99M,1.13%
2021/1/15,11.51,11.82,12.05,11.23,134.85M,-2.54%
2021/1/14,11.81,12,12.88,11.62,149.22M,-5.29%
2021/1/13,12.47,13.5,13.82,12.47,167.76M,-9.96%
2021/1/12,13.85,12.72,13.94,11.88,188.94M,6.05%
2021/1/11,13.06,14,14,13.06,156.81M,-9.99%
2021/1/8,14.51,14,14.51,13.5,203.30M,10.01%
2021/1/7,13.19,13.3,13.66,12.47,180.96M,3.53%
2021/1/6,12.74,11.8,12.74,11.51,137.94M,10.02%
2021/1/5,11.58,10.5,11.9,10.45,136.09M,7.02%
2021/1/4,10.82,10.3,11.1,10.23,122.50M,5.15%
2020/12/31,10.29,9.94,10.45,9.93,108.58M,4.57%
2020/12/30,9.84,9.65,10.2,9.51,133.73M,3.58%
2020/12/29,9.5,10.21,10.46,9.29,160.20M,-6.86%
2020/12/28,10.2,9.1,10.2,8.81,193.47M,10.03%
2020/12/25,9.27,8.41,9.27,8.41,207.37M,9.96%
2020/12/24,8.43,9.14,9.14,8.42,137.72M,0.60%
2020/12/23,8.38,8.12,8.75,7.91,105.86M,3.46%
2020/12/22,8.1,8.33,8.72,8.05,88.21M,-4.93%
2020/12/21,8.52,8.28,8.52,8,73.81M,5.19%
2020/12/18,8.1,8.1,8.55,8.02,75.59M,-1.46%
2020/12/17,8.22,8.06,8.23,7.82,80.18M,0.61%
2020/12/16,8.17,7.45,8.26,7.45,132.31M,8.79%
2020/12/15,7.51,7.56,7.64,7.31,53.59M,-0.92%
2020/12/14,7.58,7.29,7.8,7.15,81.07M,5.57%
2020/12/11,7.18,7.33,7.85,7.06,100.22M,-2.31%
2020/12/10,7.35,6.89,7.54,6.79,73.84M,6.52%
2020/12/9,6.9,6.63,7.08,6.6,54.45M,3.92%
2020/12/8,6.64,6.76,6.8,6.6,27.20M,-1.34%
2020/12/7,6.73,6.67,6.95,6.65,46.49M,0.75%
2020/12/4,6.68,6.33,6.72,6.28,34.87M,5.03%
2020/12/3,6.36,6.45,6.47,6.31,19.71M,-1.55%
2020/12/2,6.46,6.49,6.55,6.36,25.09M,-0.77%
2020/12/1,6.51,6.25,6.65,6.18,40.88M,4.16%
2020/11/30,6.25,6.48,6.48,6.23,35.77M,-3.25%
2020/11/27,6.46,6.41,6.52,6.27,35.84M,1.25%
2020/11/26,6.38,6.54,6.55,6.27,37.25M,-1.54%
2020/11/25,6.48,6.72,6.82,6.48,64.12M,-4.42%
2020/11/24,6.78,6.6,6.89,6.5,69.66M,2.73%
2020/11/23,6.6,6.16,6.79,6.11,81.72M,6.80%
2020/11/20,6.18,6.1,6.24,6.05,43.45M,0.82%
2020/11/19,6.13,5.85,6.21,5.75,54.91M,3.90%
2020/11/18,5.9,5.78,6.04,5.76,31.51M,2.08%
2020/11/17,5.78,5.93,5.93,5.72,22.24M,-2.53%
2020/11/16,5.93,5.65,5.95,5.61,36.44M,4.96%
2020/11/13,5.65,5.72,5.72,5.56,22.83M,-1.57%
2020/11/12,5.74,5.76,5.79,5.66,17.40M,0.53%
2020/11/11,5.71,5.81,5.89,5.7,26.34M,-2.06%
2020/11/10,5.83,5.99,6,5.81,31.81M,-2.51%
2020/11/9,5.98,5.8,6.06,5.73,54.91M,1.87%
2020/11/6,5.87,5.94,6.1,5.67,75.13M,1.21%
2020/11/5,5.8,5.4,5.8,5.39,44.47M,10.06%
2020/11/4,5.27,5.36,5.43,5.24,14.49M,-1.68%
2020/11/3,5.36,5.4,5.46,5.31,14.81M,0.75%
2020/11/2,5.32,5.21,5.4,5.19,15.65M,0.38%
2020/10/30,5.3,5.61,5.63,5.28,31.29M,-5.53%
2020/10/29,5.61,5.59,5.72,5.51,28.98M,-0.36%
2020/10/28,5.63,5.45,5.63,5.41,30.18M,3.11%
2020/10/27,5.46,5.34,5.46,5.25,17.28M,2.25%
2020/10/26,5.34,5.28,5.37,5.19,13.25M,1.52%
2020/10/23,5.26,5.34,5.4,5.23,22.22M,-1.50%
2020/10/22,5.34,5.3,5.43,5.18,20.46M,0.19%
2020/10/21,5.33,5.55,5.56,5.3,22.24M,-3.79%
2020/10/20,5.54,5.44,5.54,5.4,18.11M,1.84%
2020/10/19,5.44,5.67,5.68,5.44,26.72M,-3.20%
2020/10/16,5.62,5.62,5.76,5.58,30.60M,0.54%
2020/10/15,5.59,6,6,5.49,69.33M,-7.14%
2020/10/14,6.02,5.82,6.12,5.71,69.91M,3.79%
2020/10/13,5.8,5.79,5.93,5.68,46.02M,-0.34%
2020/10/12,5.82,5.76,5.87,5.65,74.90M,1.22%
2020/10/9,5.75,5.58,5.76,5.42,77.49M,9.73%
2020/9/30,5.24,5.12,5.35,5.08,31.37M,3.15%
2020/9/29,5.08,5.13,5.16,5.05,17.23M,-0.39%
2020/9/28,5.1,5.11,5.24,5.05,22.56M,0.39%
2020/9/25,5.08,5.22,5.3,5.06,27.41M,-2.12%
2020/9/24,5.19,5.23,5.46,5.17,35.18M,-2.44%
2020/9/23,5.32,5.08,5.35,5.06,41.98M,4.93%
2020/9/22,5.07,5.17,5.2,5.02,27.34M,-2.69%
2020/9/21,5.21,5.38,5.38,5.2,33.14M,-3.70%
2020/9/18,5.41,5.36,5.43,5.27,39.27M,0.74%
2020/9/17,5.37,5.28,5.52,5.2,61.12M,0.94%
2020/9/16,5.32,5.07,5.38,4.98,61.76M,5.77%
2020/9/15,5.03,5.25,5.3,5,34.05M,-2.71%
2020/9/14,5.17,5.11,5.45,5.05,51.21M,0.98%
2020/9/11,5.12,4.84,5.16,4.81,47.58M,6.22%
2020/9/10,4.82,5.12,5.19,4.79,41.64M,-5.49%
2020/9/9,5.1,5.08,5.25,5.05,53.89M,-1.16%
2020/9/8,5.16,4.9,5.17,4.83,57.91M,6.17%
2020/9/7,4.86,4.79,5.04,4.77,34.55M,3.40%
2020/9/4,4.7,4.65,4.71,4.63,9.10M,-0.21%
2020/9/3,4.71,4.7,4.73,4.64,14.88M,0.21%
2020/9/2,4.7,4.79,4.81,4.69,13.60M,-1.67%
2020/9/1,4.78,4.8,4.84,4.69,14.44M,0.00%
2020/8/31,4.78,4.88,4.92,4.77,19.52M,-2.05%
2020/8/28,4.88,4.93,5,4.81,21.48M,-0.41%
2020/8/27,4.9,4.68,4.91,4.65,18.32M,4.26%
2020/8/26,4.7,4.84,4.84,4.65,18.81M,-2.89%
2020/8/25,4.84,4.95,4.96,4.8,17.61M,-2.22%
2020/8/24,4.95,4.86,4.95,4.77,17.22M,2.06%
2020/8/21,4.85,4.88,4.89,4.8,14.71M,0.62%
2020/8/20,4.82,4.88,4.9,4.77,24.87M,-3.41%
2020/8/19,4.99,4.92,5.08,4.9,44.09M,1.63%
2020/8/18,4.91,4.9,4.95,4.84,18.89M,0.00%
2020/8/17,4.91,4.83,4.94,4.83,22.72M,1.66%
2020/8/14,4.83,4.76,4.85,4.72,18.42M,0.84%
2020/8/13,4.79,4.78,4.89,4.72,25.32M,2.13%
2020/8/12,4.69,4.78,4.84,4.55,30.19M,-2.29%
2020/8/11,4.8,5.06,5.09,4.77,36.86M,-4.95%
2020/8/10,5.05,5.17,5.17,4.99,32.93M,-0.59%
2020/8/7,5.08,4.94,5.14,4.86,60.06M,2.42%
2020/8/6,4.96,4.84,5.16,4.63,60.03M,3.77%
2020/8/5,4.78,4.73,4.84,4.7,27.75M,1.27%
2020/8/4,4.72,4.83,4.84,4.68,30.38M,-2.28%
2020/8/3,4.83,4.66,4.85,4.62,38.01M,4.77%
2020/7/31,4.61,4.65,4.69,4.55,28.53M,0.44%
2020/7/30,4.59,4.56,4.62,4.5,29.86M,2.00%
2020/7/29,4.5,4.37,4.5,4.29,26.32M,3.21%
2020/7/28,4.36,4.46,4.51,4.25,31.49M,-1.58%
2020/7/27,4.43,4.42,4.48,4.36,22.75M,1.37%
2020/7/24,4.37,4.8,4.8,4.36,50.43M,-8.39%
2020/7/23,4.77,4.59,4.78,4.55,46.11M,2.80%
2020/7/22,4.64,4.67,4.73,4.59,31.86M,0.22%
2020/7/21,4.63,4.76,4.83,4.6,35.07M,-2.73%
2020/7/20,4.76,4.62,4.77,4.55,38.82M,4.39%
2020/7/17,4.56,4.65,4.73,4.5,35.60M,-1.30%
2020/7/16,4.62,4.95,5.1,4.59,55.70M,-6.10%
2020/7/15,4.92,5.11,5.18,4.91,55.34M,-4.09%
2020/7/14,5.13,5.27,5.5,5.04,63.76M,-1.91%
2020/7/13,5.23,5.02,5.23,4.96,67.52M,4.60%
2020/7/10,5,5.16,5.19,4.91,80.41M,-2.34%
2020/7/9,5.12,4.8,5.25,4.8,101.68M,6.00%
2020/7/8,4.83,4.61,4.95,4.61,87.15M,4.77%
2020/7/7,4.61,4.69,4.8,4.55,85.70M,0.00%
2020/7/6,4.61,4.32,4.76,4.3,94.27M,6.47%
2020/7/3,4.33,4.37,4.47,4.29,60.16M,-2.91%
2020/7/2,4.46,4.4,4.57,4.38,68.20M,-0.45%
2020/7/1,4.48,4.38,4.53,4.27,82.13M,2.75%
2020/6/30,4.36,4.33,4.54,4.28,91.35M,0.00%
2020/6/29,4.36,4.06,4.5,4.04,122.68M,6.60%
2020/6/24,4.09,3.94,4.18,3.86,69.14M,2.25%
2020/6/23,4,3.95,4.11,3.94,49.93M,1.01%
2020/6/22,3.96,3.95,4.04,3.93,35.09M,0.76%
2020/6/19,3.93,3.89,3.99,3.88,42.72M,-0.76%
2020/6/18,3.96,4.01,4.09,3.94,43.40M,-1.74%
2020/6/17,4.03,4,4.11,4,45.92M,-1.71%
2020/6/16,4.1,4.01,4.17,3.96,57.53M,3.27%
2020/6/15,3.97,4.1,4.18,3.97,63.49M,-5.02%
2020/6/12,4.18,4.08,4.26,4.04,70.86M,-2.34%
2020/6/11,4.28,4.07,4.42,3.98,106.52M,5.42%
2020/6/10,4.06,4.02,4.08,3.92,61.65M,0.74%
2020/6/9,4.03,4.02,4.12,3.9,73.71M,0.75%
2020/6/8,4,4.32,4.32,3.95,115.40M,-7.83%
2020/6/5,4.34,4.31,4.55,4.3,104.96M,-2.03%
2020/6/4,4.43,4.5,4.85,4.43,150.20M,-3.90%
2020/6/3,4.61,4.51,4.74,4.32,197.65M,-3.96%
2020/6/2,4.8,4.4,4.8,4.21,234.28M,10.09%
2020/6/1,4.36,4.25,4.36,4.09,158.40M,10.10%
2020/5/29,3.96,3.96,3.96,3.86,39.75M,10.00%
2020/5/28,3.6,3.26,3.6,3.26,47.83M,10.09%
2020/5/27,3.27,3.3,3.32,3.24,10.54M,-1.21%
2020/5/26,3.31,3.24,3.33,3.22,12.03M,2.16%
2020/5/25,3.24,3.24,3.25,3.18,9.22M,-0.31%
2020/5/22,3.25,3.33,3.33,3.2,17.64M,-2.40%
2020/5/21,3.33,3.29,3.4,3.28,16.20M,0.91%
2020/5/20,3.3,3.4,3.4,3.28,11.60M,-2.94%
2020/5/19,3.4,3.35,3.4,3.3,18.46M,2.41%
2020/5/18,3.32,3.41,3.45,3.28,16.41M,-2.06%
2020/5/15,3.39,3.37,3.42,3.32,13.98M,1.50%
2020/5/14,3.34,3.3,3.43,3.25,18.77M,0.60%
2020/5/13,3.32,3.31,3.4,3.3,12.10M,-0.90%
2020/5/12,3.35,3.25,3.35,3.18,14.43M,3.72%
2020/5/11,3.23,3.26,3.29,3.21,9.97M,-1.22%
2020/5/8,3.27,3.29,3.33,3.24,12.39M,-0.30%
2020/5/7,3.28,3.27,3.38,3.23,17.74M,0.31%
2020/5/6,3.27,3.2,3.28,3.16,16.23M,0.93%
2020/4/30,3.24,3.08,3.25,3.07,25.21M,5.54%
2020/4/29,3.07,2.99,3.09,2.97,8.12M,2.68%
2020/4/28,2.99,3.08,3.1,2.92,8.51M,-2.92%
2020/4/27,3.08,3.08,3.12,3.06,5.38M,0.00%
2020/4/24,3.08,3.07,3.1,3.05,5.91M,0.33%
2020/4/23,3.07,3.07,3.12,3.06,7.72M,-0.32%
2020/4/22,3.08,2.98,3.21,2.96,18.00M,3.01%
2020/4/21,2.99,2.98,3,2.97,3.20M,-0.33%
2020/4/20,3,2.99,3.01,2.96,6.74M,0.67%
2020/4/17,2.98,2.99,3.02,2.98,5.21M,-0.67%
2020/4/16,3,2.94,3.03,2.94,6.08M,0.67%
2020/4/15,2.98,2.99,3.03,2.96,6.09M,0.00%
2020/4/14,2.98,2.94,2.98,2.94,4.04M,1.02%
2020/4/13,2.95,2.97,2.97,2.92,4.57M,-1.01%
2020/4/10,2.98,3.04,3.05,2.95,6.90M,-2.30%
2020/4/9,3.05,3.08,3.1,3.04,6.13M,0.33%
2020/4/8,3.04,3.01,3.06,3.01,5.34M,0.33%
2020/4/7,3.03,3.02,3.04,3,7.06M,1.68%
2020/4/3,2.98,3.01,3.02,2.96,4.47M,-1.00%
2020/4/2,3.01,2.95,3.01,2.92,6.14M,1.35%
2020/4/1,2.97,3,3.01,2.92,6.25M,-0.34%
2020/3/31,2.98,3.03,3.04,2.96,8.22M,-0.67%
2020/3/30,3,3.06,3.07,2.97,9.51M,-3.54%
2020/3/27,3.11,3.2,3.22,3.1,13.93M,-1.89%
2020/3/26,3.17,3.22,3.22,3.16,10.10M,-2.16%
2020/3/25,3.24,3.25,3.27,3.18,15.17M,1.57%
2020/3/24,3.19,3.23,3.23,3.11,13.20M,0.63%
2020/3/23,3.17,3.3,3.31,3.17,20.60M,-6.21%
2020/3/20,3.38,3.32,3.43,3.28,19.54M,1.81%
2020/3/19,3.32,3.18,3.32,3.13,15.74M,3.75%
2020/3/18,3.2,3.3,3.34,3.16,15.89M,-2.14%
2020/3/17,3.27,3.29,3.29,3.14,12.48M,1.24%
2020/3/16,3.23,3.49,3.49,3.22,18.62M,-5.28%
2020/3/13,3.41,3.16,3.42,3.11,24.71M,3.02%
2020/3/12,3.31,3.3,3.36,3.28,12.43M,-1.78%
2020/3/11,3.37,3.35,3.45,3.3,23.84M,1.20%
2020/3/10,3.33,3.21,3.35,3.15,22.71M,1.83%
2020/3/9,3.27,3.4,3.47,3.27,30.30M,-2.10%
2020/3/6,3.34,3.34,3.38,3.31,14.44M,-0.89%
2020/3/5,3.37,3.33,3.41,3.32,20.13M,2.12%
2020/3/4,3.3,3.27,3.34,3.23,15.51M,-0.30%
2020/3/3,3.31,3.32,3.44,3.28,24.79M,0.61%
2020/3/2,3.29,3.13,3.35,3.13,26.58M,5.79%
2020/2/28,3.11,3.28,3.35,3.1,31.47M,-9.06%
2020/2/27,3.42,3.41,3.46,3.27,45.86M,0.59%
2020/2/26,3.4,3.55,3.57,3.32,67.94M,-4.23%
2020/2/25,3.55,3.15,3.55,3.11,93.44M,9.91%
2020/2/24,3.23,3.25,3.3,3.16,24.28M,1.57%
2020/2/21,3.18,3.1,3.18,3.1,21.67M,1.60%
2020/2/20,3.13,3.05,3.15,3.02,18.40M,2.62%
2020/2/19,3.05,3.14,3.14,3.03,19.52M,-2.87%
2020/2/18,3.14,3,3.17,2.97,26.20M,6.08%
2020/2/17,2.96,2.89,2.96,2.89,10.01M,3.14%
2020/2/14,2.87,2.9,2.94,2.87,10.26M,-2.05%
2020/2/13,2.93,2.93,3.02,2.92,20.10M,-0.34%
2020/2/12,2.94,2.85,2.95,2.84,19.23M,3.89%
2020/2/11,2.83,2.84,2.86,2.8,7.76M,-0.70%
2020/2/10,2.85,2.77,2.86,2.76,11.86M,1.79%
2020/2/7,2.8,2.78,2.8,2.75,9.01M,0.00%
2020/2/6,2.8,2.77,2.81,2.72,10.11M,0.72%
2020/2/5,2.78,2.69,2.79,2.66,10.47M,3.73%
2020/2/4,2.68,2.58,2.72,2.58,11.55M,0.37%
2020/2/3,2.67,2.67,2.71,2.67,9.21M,-10.10%
2020/1/23,2.97,3.06,3.06,2.94,9.09M,-3.26%
2020/1/22,3.07,3.08,3.08,3.02,5.31M,-0.32%
2020/1/21,3.08,3.12,3.12,3.06,4.30M,-0.96%
2020/1/20,3.11,3.07,3.11,3.05,5.79M,1.30%
2020/1/17,3.07,3.08,3.1,3.06,4.66M,-0.32%
2020/1/16,3.08,3.09,3.1,3.06,4.82M,-0.32%
2020/1/15,3.09,3.11,3.12,3.05,9.13M,-0.64%
2020/1/14,3.11,3.14,3.15,3.1,9.27M,-0.96%
2020/1/13,3.14,3.14,3.15,3.09,7.91M,0.00%
2020/1/10,3.14,3.18,3.18,3.12,6.55M,-0.95%
2020/1/9,3.17,3.16,3.19,3.14,9.75M,1.60%
2020/1/8,3.12,3.2,3.22,3.12,12.44M,-2.19%
2020/1/7,3.19,3.13,3.22,3.13,14.67M,2.24%
2020/1/6,3.12,3.07,3.15,3.06,11.27M,0.97%
2020/1/3,3.09,3.05,3.11,3.05,9.08M,0.65%
2020/1/2,3.07,3.03,3.08,3.02,11.11M,2.33%
2019/12/31,3,3.01,3.02,2.98,7.37M,-0.33%
2019/12/30,3.01,3.01,3.03,2.97,5.38M,-0.66%
2019/12/27,3.03,3.01,3.05,3,10.52M,0.33%
2019/12/26,3.02,2.97,3.02,2.97,7.32M,1.34%
2019/12/25,2.98,2.97,3.01,2.96,5.63M,0.34%
2019/12/24,2.97,2.95,2.98,2.93,6.03M,0.34%
2019/12/23,2.96,3.01,3.04,2.95,7.77M,-1.33%
2019/12/20,3,3.05,3.08,3,9.12M,-1.64%
2019/12/19,3.05,2.99,3.06,2.99,8.49M,1.67%
2019/12/18,3,3.01,3.03,2.98,9.13M,-0.33%
2019/12/17,3.01,2.97,3.03,2.97,10.61M,1.01%
2019/12/16,2.98,2.93,2.98,2.91,9.03M,1.71%
2019/12/13,2.93,2.91,2.93,2.87,8.83M,1.03%
2019/12/12,2.9,2.94,2.95,2.88,4.82M,-1.69%
2019/12/11,2.95,2.94,2.96,2.93,3.87M,0.00%
2019/12/10,2.95,2.98,2.98,2.93,4.23M,0.00%
2019/12/9,2.95,2.93,2.97,2.92,5.08M,0.68%
2019/12/6,2.93,2.92,2.93,2.91,2.91M,0.34%
2019/12/5,2.92,2.9,2.95,2.89,5.90M,0.00%
2019/12/4,2.92,2.89,2.92,2.87,4.51M,0.69%
2019/12/3,2.9,2.87,2.9,2.84,4.66M,1.05%
2019/12/2,2.87,2.86,2.89,2.85,4.89M,0.35%
2019/11/29,2.86,2.83,2.87,2.82,4.81M,0.70%
2019/11/28,2.84,2.88,2.89,2.82,6.94M,-1.39%
2019/11/27,2.88,2.9,2.92,2.87,4.74M,-1.03%
2019/11/26,2.91,2.95,2.95,2.9,4.78M,-1.02%
2019/11/25,2.94,2.92,2.94,2.85,12.55M,0.00%
2019/11/22,2.94,2.83,3.09,2.83,20.51M,3.52%
2019/11/21,2.84,2.83,2.84,2.81,2.73M,0.71%
2019/11/20,2.82,2.86,2.86,2.82,3.53M,-1.40%
2019/11/19,2.86,2.81,2.86,2.81,4.75M,1.42%
2019/11/18,2.82,2.81,2.82,2.78,3.05M,0.36%
2019/11/15,2.81,2.84,2.84,2.8,3.48M,-1.06%
2019/11/14,2.84,2.82,2.84,2.81,3.47M,0.71%
2019/11/13,2.82,2.85,2.86,2.81,3.98M,-1.40%
2019/11/12,2.86,2.86,2.88,2.83,3.41M,0.00%
2019/11/11,2.86,2.93,2.95,2.85,7.12M,-2.72%
2019/11/8,2.94,2.97,2.99,2.92,4.97M,-1.01%
2019/11/7,2.97,2.95,2.99,2.92,4.02M,0.68%
2019/11/6,2.95,2.99,2.99,2.94,5.06M,-1.34%
2019/11/5,2.99,3,3.01,2.96,6.25M,-0.33%
2019/11/4,3,3.03,3.04,2.99,6.79M,-0.33%
2019/11/1,3.01,3,3.03,2.98,5.93M,0.33%
2019/10/31,3,3.05,3.06,3,5.80M,-1.32%
2019/10/30,3.04,3.04,3.07,3.03,5.23M,-0.33%
2019/10/29,3.05,3.1,3.11,3.05,5.19M,-1.93%
2019/10/28,3.11,3.05,3.11,3.05,6.10M,1.97%
2019/10/25,3.05,3.01,3.06,3,4.48M,0.99%
2019/10/24,3.02,3.01,3.03,2.99,6.12M,0.67%
2019/10/23,3,3.02,3.03,3,7.39M,-0.66%
2019/10/22,3.02,3.01,3.02,2.99,9.41M,0.33%
2019/10/21,3.01,3.05,3.05,2.98,9.46M,-0.66%
2019/10/18,3.03,3.12,3.13,3.02,8.13M,-2.57%
2019/10/17,3.11,3.14,3.16,3.08,8.00M,-1.27%
2019/10/16,3.15,3.22,3.24,3.13,8.88M,-1.87%
2019/10/15,3.21,3.2,3.24,3.18,13.79M,0.00%
2019/10/14,3.21,3.15,3.22,3.14,14.26M,1.90%
2019/10/11,3.15,3.14,3.16,3.11,11.81M,0.96%
2019/10/10,3.12,3.04,3.13,3.02,10.24M,1.96%
2019/10/9,3.06,3.05,3.06,2.98,11.27M,0.66%
2019/10/8,3.04,3.03,3.14,3.03,13.29M,0.33%
2019/9/30,3.03,3.03,3.06,2.99,7.89M,-0.66%
2019/9/27,3.05,3.01,3.05,2.99,8.50M,1.33%
2019/9/26,3.01,3.08,3.09,2.99,11.84M,-1.95%
2019/9/25,3.07,3.16,3.16,3.06,10.20M,-2.54%
2019/9/24,3.15,3.17,3.19,3.14,6.28M,-0.63%
2019/9/23,3.17,3.17,3.19,3.13,6.10M,-0.63%
2019/9/20,3.19,3.18,3.2,3.16,6.49M,0.31%
2019/9/19,3.18,3.18,3.18,3.13,6.43M,0.32%
2019/9/18,3.17,3.21,3.22,3.15,6.81M,-0.63%
2019/9/17,3.19,3.31,3.32,3.19,11.86M,-3.92%
2019/9/16,3.32,3.35,3.37,3.31,7.68M,-0.30%
2019/9/12,3.33,3.31,3.35,3.27,7.90M,0.60%
2019/9/11,3.31,3.35,3.38,3.3,13.57M,-1.49%
2019/9/10,3.36,3.34,3.38,3.32,8.77M,0.90%
2019/9/9,3.33,3.33,3.34,3.29,9.30M,1.22%
2019/9/6,3.29,3.31,3.34,3.27,8.54M,-0.60%
2019/9/5,3.31,3.25,3.37,3.23,21.22M,-0.60%
2019/9/4,3.33,3.24,3.41,3.21,20.56M,2.78%
2019/9/3,3.24,3.2,3.24,3.2,8.35M,1.25%
2019/9/2,3.2,3.14,3.22,3.14,10.16M,1.91%
2019/8/30,3.14,3.22,3.25,3.11,12.82M,-2.48%
2019/8/29,3.22,3.21,3.25,3.2,4.81M,0.00%
2019/8/28,3.22,3.2,3.25,3.18,5.78M,0.00%
2019/8/27,3.22,3.18,3.26,3.16,7.11M,1.58%
2019/8/26,3.17,3.15,3.18,3.11,4.35M,-0.94%
2019/8/23,3.2,3.21,3.24,3.18,4.70M,-0.62%
2019/8/22,3.22,3.23,3.26,3.2,5.29M,-0.62%
2019/8/21,3.24,3.17,3.27,3.14,11.25M,2.21%
2019/8/20,3.17,3.17,3.21,3.16,4.27M,0.32%
2019/8/19,3.16,3.13,3.18,3.12,7.16M,1.94%
2019/8/16,3.1,3.09,3.15,3.06,5.72M,-1.90%
2019/8/15,3.16,3.06,3.16,3.06,5.46M,-0.32%
2019/8/14,3.17,3.18,3.23,3.14,7.92M,1.93%
2019/8/13,3.11,3.04,3.12,3.03,6.02M,1.63%
2019/8/12,3.06,3.06,3.06,3.01,3.60M,0.99%
2019/8/9,3.03,3.05,3.08,3,6.03M,-0.66%
2019/8/8,3.05,3.05,3.06,3.03,4.15M,0.66%
2019/8/7,3.03,3.05,3.09,3,5.34M,0.00%
2019/8/6,3.03,3.15,3.15,2.98,10.67M,-4.72%
2019/8/5,3.18,3.2,3.25,3.17,6.11M,-1.55%
2019/8/2,3.23,3.25,3.27,3.21,6.58M,-1.82%
2019/8/1,3.29,3.3,3.33,3.27,4.10M,-0.60%
2019/7/31,3.31,3.36,3.36,3.3,4.02M,-1.49%
2019/7/30,3.36,3.35,3.38,3.32,5.57M,-0.59%
2019/7/29,3.38,3.34,3.43,3.32,7.04M,1.50%
2019/7/26,3.33,3.36,3.36,3.31,3.44M,0.00%
2019/7/25,3.33,3.34,3.35,3.32,3.58M,-0.30%
2019/7/24,3.34,3.32,3.36,3.3,4.51M,1.21%
2019/7/23,3.3,3.26,3.3,3.26,3.25M,0.92%
2019/7/22,3.27,3.38,3.4,3.25,9.13M,-3.25%
2019/7/19,3.38,3.38,3.43,3.37,4.00M,0.00%
2019/7/18,3.38,3.42,3.43,3.38,4.51M,-1.46%
2019/7/17,3.43,3.41,3.49,3.4,7.70M,0.59%
2019/7/16,3.41,3.39,3.42,3.37,4.79M,0.29%
2019/7/15,3.4,3.35,3.4,3.32,6.58M,1.19%
2019/7/12,3.36,3.35,3.38,3.33,3.57M,0.30%
2019/7/11,3.35,3.37,3.41,3.33,5.87M,-0.30%
2019/7/10,3.36,3.4,3.4,3.34,4.45M,-0.88%
2019/7/9,3.39,3.37,3.4,3.35,5.99M,0.30%
2019/7/8,3.38,3.52,3.52,3.36,15.45M,-4.52%
2019/7/5,3.54,3.47,3.7,3.46,21.13M,2.61%
2019/7/4,3.45,3.49,3.5,3.44,6.82M,-0.58%
2019/7/3,3.47,3.54,3.54,3.46,8.17M,-1.98%
2019/7/2,3.54,3.55,3.58,3.52,9.76M,-1.12%
2019/7/1,3.58,3.53,3.59,3.53,12.83M,2.58%
2019/6/28,3.49,3.59,3.59,3.44,12.28M,-2.51%
2019/6/27,3.58,3.56,3.6,3.55,8.01M,0.85%
2019/6/26,3.55,3.53,3.58,3.5,8.64M,0.00%
2019/6/25,3.55,3.63,3.63,3.51,13.55M,-2.74%
2019/6/24,3.65,3.6,3.67,3.56,19.04M,1.39%
2019/6/21,3.6,3.58,3.65,3.56,24.22M,0.56%
2019/6/20,3.58,3.52,3.59,3.45,21.55M,1.42%
2019/6/19,3.53,3.55,3.65,3.51,23.15M,0.57%
2019/6/18,3.51,3.43,3.61,3.38,24.89M,1.74%
2019/6/17,3.45,3.54,3.54,3.41,21.07M,-2.54%
2019/6/14,3.54,3.73,3.73,3.5,54.16M,-7.81%
2019/6/13,3.84,3.75,4.14,3.51,80.27M,2.13%
2019/6/12,3.76,3.42,3.76,3.4,19.64M,9.94%
2019/6/11,3.42,3.26,3.43,3.24,17.45M,4.59%
2019/6/10,3.27,3.31,3.33,3.25,14.74M,-0.61%
2019/6/6,3.29,3.42,3.45,3.25,14.03M,-3.52%
2019/6/5,3.41,3.46,3.48,3.39,9.54M,-0.29%
2019/6/4,3.42,3.44,3.45,3.36,11.62M,-0.58%
2019/6/3,3.44,3.53,3.54,3.41,20.22M,-3.91%
2019/5/31,3.58,3.49,3.69,3.45,31.52M,3.77%
2019/5/30,3.45,3.5,3.5,3.38,17.67M,-2.27%
2019/5/29,3.53,3.46,3.61,3.46,22.12M,2.02%
2019/5/28,3.46,3.46,3.51,3.44,17.32M,-1.70%
2019/5/27,3.52,3.39,3.65,3.34,20.09M,3.83%
2019/5/24,3.39,3.41,3.49,3.38,14.78M,-2.59%
2019/5/23,3.48,3.63,3.67,3.38,33.99M,-7.20%
2019/5/22,3.75,3.73,3.89,3.63,42.28M,2.46%
2019/5/21,3.66,3.51,3.79,3.46,38.12M,2.52%
2019/5/20,3.57,3.52,3.67,3.49,47.71M,-7.99%
2019/5/17,3.88,4.39,4.39,3.8,88.24M,-3.48%
2019/5/16,4.02,4.02,4.02,4.02,6.64M,10.14%
2019/5/15,3.65,3.35,3.65,3.35,14.93M,9.94%
2019/5/14,3.32,3.35,3.4,3.28,13.40M,-2.92%
2019/5/13,3.42,3.47,3.47,3.4,9.03M,-2.56%
2019/5/10,3.51,3.45,3.52,3.37,18.36M,2.03%
2019/5/9,3.44,3.42,3.46,3.41,7.63M,-0.58%
2019/5/8,3.46,3.42,3.49,3.39,9.97M,-1.14%
2019/5/7,3.5,3.49,3.54,3.36,15.35M,0.00%
2019/5/6,3.5,3.55,3.58,3.41,18.35M,-3.85%
2019/4/30,3.64,3.69,3.74,3.62,11.82M,-0.55%
2019/4/29,3.66,3.82,3.85,3.66,17.53M,-4.19%
2019/4/26,3.82,4.1,4.1,3.82,32.46M,-9.91%
2019/4/25,4.24,4.49,4.49,4.23,15.94M,-6.19%
2019/4/24,4.52,4.49,4.54,4.45,8.22M,0.44%
2019/4/23,4.5,4.58,4.63,4.45,12.52M,-1.96%
2019/4/22,4.59,4.72,4.79,4.57,16.54M,-3.77%
2019/4/19,4.77,4.72,4.8,4.59,23.48M,0.21%
2019/4/18,4.76,4.59,4.81,4.52,29.20M,3.48%
2019/4/17,4.6,4.45,4.65,4.41,32.97M,3.84%
2019/4/16,4.43,4.29,4.43,4.22,15.31M,2.07%
2019/4/15,4.34,4.45,4.51,4.32,15.73M,-1.81%
2019/4/12,4.42,4.38,4.48,4.38,12.29M,0.23%
2019/4/11,4.41,4.47,4.56,4.36,21.96M,-1.34%
2019/4/10,4.47,4.44,4.49,4.36,14.94M,0.68%
2019/4/9,4.44,4.36,4.48,4.35,16.90M,1.83%
2019/4/8,4.36,4.48,4.54,4.31,26.16M,-3.11%
2019/4/4,4.5,4.42,4.53,4.4,24.29M,2.04%
2019/4/3,4.41,4.36,4.44,4.32,15.50M,0.92%
2019/4/2,4.37,4.35,4.4,4.31,16.43M,0.92%
2019/4/1,4.33,4.16,4.33,4.15,18.86M,4.09%
2019/3/29,4.16,4.03,4.18,3.95,15.85M,3.23%
2019/3/28,4.03,4.09,4.12,4.02,10.74M,-1.95%
2019/3/27,4.11,4.13,4.16,4.03,10.51M,0.00%
2019/3/26,4.11,4.27,4.32,4.1,17.80M,-3.29%
2019/3/25,4.25,4.11,4.33,4.11,17.18M,-1.16%
2019/3/22,4.3,4.33,4.33,4.21,16.01M,-0.23%
2019/3/21,4.31,4.25,4.35,4.22,19.55M,1.41%
2019/3/20,4.25,4.3,4.32,4.19,15.25M,-1.16%
2019/3/19,4.3,4.29,4.32,4.24,13.79M,0.23%
2019/3/18,4.29,4.24,4.3,4.17,18.82M,2.63%
2019/3/15,4.18,4.21,4.26,4.15,20.55M,-0.71%
2019/3/14,4.21,4.36,4.37,4.14,30.08M,-4.10%
2019/3/13,4.39,4.45,4.47,4.33,28.20M,-0.90%
2019/3/12,4.43,4.5,4.56,4.37,36.78M,-0.23%
2019/3/11,4.44,4.25,4.45,4.19,36.68M,5.21%
2019/3/8,4.22,4.31,4.55,4.2,52.36M,-4.09%
2019/3/7,4.4,4.33,4.49,4.28,42.87M,2.56%
2019/3/6,4.29,4.26,4.34,4.14,33.69M,1.18%
2019/3/5,4.24,4.09,4.26,4.08,33.95M,2.91%
2019/3/4,4.12,4.12,4.22,4.11,32.43M,0.24%
2019/3/1,4.11,4.13,4.14,4.07,16.48M,0.00%
2019/2/28,4.11,4.12,4.17,4.08,16.90M,0.24%
2019/2/27,4.1,4.13,4.17,4.07,27.52M,-1.68%
2019/2/26,4.17,4.25,4.25,4.09,46.37M,-2.11%
2019/2/25,4.26,3.98,4.27,3.96,63.70M,7.85%
2019/2/22,3.95,3.89,3.95,3.83,35.44M,1.54%
2019/2/21,3.89,4.02,4.06,3.88,40.94M,-3.95%
2019/2/20,4.05,4,4.07,3.96,24.46M,0.25%
2019/2/19,4.04,4.19,4.19,3.98,54.08M,-2.88%
2019/2/18,4.16,3.9,4.27,3.85,67.79M,6.67%
2019/2/15,3.9,3.98,4.06,3.88,43.93M,-0.26%
2019/2/14,3.91,3.88,4.08,3.87,55.97M,0.77%
2019/2/13,3.88,3.85,3.92,3.8,55.24M,-1.27%
2019/2/12,3.93,3.96,4.05,3.84,76.49M,-1.01%
2019/2/11,3.97,3.72,3.97,3.67,85.34M,9.97%
2019/2/1,3.61,3.18,3.61,3.18,37.91M,10.06%
2019/1/31,3.28,3.65,3.74,3.25,59.41M,-8.64%
2019/1/30,3.59,3.26,3.59,3.2,50.57M,10.12%
2019/1/29,3.26,3.36,3.37,3.15,11.04M,-2.98%
2019/1/28,3.36,3.35,3.41,3.34,6.32M,0.30%
2019/1/25,3.35,3.39,3.42,3.35,7.91M,-1.76%
2019/1/24,3.41,3.39,3.48,3.35,8.76M,1.49%
2019/1/23,3.36,3.38,3.39,3.34,4.31M,0.00%
2019/1/22,3.36,3.42,3.46,3.32,6.75M,-1.18%
2019/1/21,3.4,3.43,3.46,3.4,6.90M,-0.29%
2019/1/18,3.41,3.41,3.46,3.38,8.62M,0.89%
2019/1/17,3.38,3.47,3.47,3.35,12.56M,-2.59%
2019/1/16,3.47,3.44,3.49,3.41,9.33M,0.58%
2019/1/15,3.45,3.43,3.5,3.4,11.14M,0.58%
2019/1/14,3.43,3.4,3.54,3.38,19.79M,1.48%
2019/1/11,3.38,3.29,3.39,3.28,13.50M,1.50%
2019/1/10,3.33,3.25,3.36,3.25,13.90M,1.83%
2019/1/9,3.27,3.29,3.33,3.21,16.73M,-1.21%
2019/1/8,3.31,3.14,3.37,3.14,20.01M,5.41%
2019/1/7,3.14,3.16,3.17,3.11,12.76M,1.29%
2019/1/4,3.1,2.98,3.11,2.96,8.63M,2.99%
2019/1/3,3.01,3.08,3.1,2.99,6.68M,-1.63%
2019/1/2,3.06,3.14,3.17,3.04,8.19M,-2.86%
2018/12/28,3.15,3.16,3.19,3.11,3.76M,-0.32%
2018/12/27,3.16,3.22,3.24,3.16,4.64M,0.00%
2018/12/26,3.16,3.14,3.18,3.12,5.23M,0.96%
2018/12/25,3.13,3.22,3.22,3.05,6.22M,-3.69%
2018/12/24,3.25,3.24,3.27,3.19,5.52M,0.31%
2018/12/21,3.24,3.25,3.29,3.22,4.04M,-0.92%
2018/12/20,3.27,3.28,3.33,3.25,6.24M,-0.30%
2018/12/19,3.28,3.28,3.34,3.27,5.46M,-0.30%
2018/12/18,3.29,3.29,3.32,3.24,6.11M,-0.90%
2018/12/17,3.32,3.28,3.33,3.26,6.30M,1.22%
2018/12/14,3.28,3.42,3.42,3.26,5.78M,-4.09%
2018/12/13,3.42,3.38,3.45,3.36,5.69M,0.88%
2018/12/12,3.39,3.4,3.43,3.37,4.36M,0.00%
2018/12/11,3.39,3.47,3.47,3.37,6.23M,-1.74%
2018/12/10,3.45,3.42,3.47,3.39,6.32M,0.29%
2018/12/7,3.44,3.36,3.45,3.36,8.65M,2.08%
2018/12/6,3.37,3.43,3.44,3.35,6.67M,-2.32%
2018/12/5,3.45,3.4,3.48,3.38,7.85M,0.29%
2018/12/4,3.44,3.43,3.46,3.41,6.04M,0.00%
2018/12/3,3.44,3.38,3.45,3.38,11.75M,3.93%
2018/11/30,3.31,3.22,3.32,3.21,7.32M,2.48%
2018/11/29,3.23,3.34,3.36,3.23,7.50M,-3.00%
2018/11/28,3.33,3.3,3.33,3.22,8.61M,0.60%
2018/11/27,3.31,3.33,3.36,3.26,5.49M,0.00%
2018/11/26,3.31,3.29,3.35,3.26,5.00M,0.30%
2018/11/23,3.3,3.5,3.5,3.29,7.97M,-4.90%
2018/11/22,3.47,3.5,3.5,3.43,6.16M,0.29%
2018/11/21,3.46,3.33,3.46,3.33,8.45M,2.67%
2018/11/20,3.37,3.49,3.5,3.36,15.05M,-3.99%
2018/11/19,3.51,3.5,3.52,3.48,14.29M,0.29%
2018/11/16,3.5,3.53,3.56,3.44,17.88M,-0.57%
2018/11/15,3.52,3.42,3.53,3.42,16.41M,2.33%
2018/11/14,3.44,3.52,3.52,3.42,13.35M,-1.43%
2018/11/13,3.49,3.33,3.53,3.3,18.24M,3.56%
2018/11/12,3.37,3.24,3.38,3.22,14.43M,4.66%
2018/11/9,3.22,3.26,3.27,3.22,7.09M,-1.23%
2018/11/8,3.26,3.3,3.33,3.25,7.07M,-0.31%
2018/11/7,3.27,3.31,3.33,3.26,9.75M,-1.21%
2018/11/6,3.31,3.4,3.42,3.25,13.34M,-2.07%
2018/11/5,3.38,3.19,3.44,3.18,24.89M,5.63%
2018/11/2,3.2,3.16,3.21,3.13,12.26M,2.24%
2018/11/1,3.13,3.13,3.2,3.11,11.79M,-0.32%
2018/10/31,3.14,3.14,3.18,3.11,6.78M,0.96%
2018/10/30,3.11,3.05,3.13,3.04,9.09M,0.97%
2018/10/29,3.08,3.08,3.12,3.04,5.45M,-1.28%
2018/10/26,3.12,3.16,3.22,3.04,10.22M,0.00%
2018/10/25,3.12,3.01,3.15,2.95,11.76M,1.63%
2018/10/24,3.07,3.06,3.13,3.03,10.43M,0.33%
2018/10/23,3.06,3.02,3.17,3.01,21.84M,0.99%
2018/10/22,3.03,2.94,3.11,2.91,21.99M,5.21%
2018/10/19,2.88,2.67,2.89,2.65,21.85M,6.27%
2018/10/18,2.71,2.91,2.91,2.67,27.42M,-7.19%
2018/10/17,2.92,2.94,2.97,2.89,16.54M,0.34%
2018/10/16,2.91,3.2,3.22,2.88,22.40M,-9.06%
2018/10/15,3.2,3.34,3.36,3.19,7.81M,-3.03%
2018/10/12,3.3,3.5,3.52,3.3,13.58M,-7.82%
2018/10/11,3.58,3.6,3.64,3.36,10.53M,-3.76%
2018/10/10,3.72,3.7,3.74,3.59,8.65M,0.00%
2018/10/9,3.72,3.75,3.75,3.67,6.77M,-0.80%
2018/10/8,3.75,3.7,3.77,3.66,8.11M,0.00%
2018/9/28,3.75,3.74,3.77,3.73,3.70M,0.54%
2018/9/27,3.73,3.85,3.85,3.72,6.23M,-2.86%
2018/9/26,3.84,3.85,3.87,3.82,4.72M,0.26%
2018/9/25,3.83,3.83,3.86,3.81,4.05M,-0.78%
2018/9/21,3.86,3.85,3.89,3.83,5.75M,-0.26%
2018/9/20,3.87,3.86,3.88,3.82,5.07M,0.26%
2018/9/19,3.86,3.88,3.89,3.84,6.27M,-0.52%
2018/9/18,3.88,3.8,3.88,3.78,5.95M,0.26%
2018/9/17,3.87,3.85,3.91,3.69,8.04M,0.78%
2018/9/14,3.84,3.9,3.92,3.82,4.92M,-1.29%
2018/9/13,3.89,3.86,3.94,3.84,5.10M,0.26%
2018/9/12,3.88,3.83,3.89,3.81,4.29M,1.57%
2018/9/11,3.82,3.85,3.87,3.81,3.96M,-0.78%
2018/9/10,3.85,3.9,3.92,3.82,4.93M,-1.53%
2018/9/7,3.91,3.95,3.99,3.9,6.75M,-0.76%
2018/9/6,3.94,3.92,3.96,3.89,4.69M,0.00%
2018/9/5,3.94,3.95,3.99,3.93,6.64M,-1.01%
2018/9/4,3.98,3.95,3.99,3.93,9.42M,0.51%
2018/9/3,3.96,4.11,4.18,3.91,11.90M,-2.70%
2018/8/31,4.07,4.22,4.22,4.05,8.05M,-3.33%
2018/8/30,4.21,4.37,4.38,4.2,7.28M,-3.88%
2018/8/29,4.38,4.52,4.52,4.38,5.72M,-3.10%
2018/8/28,4.52,4.48,4.53,4.45,3.68M,0.89%
2018/8/27,4.48,4.39,4.48,4.36,3.94M,2.05%
2018/8/24,4.39,4.43,4.43,4.34,1.97M,-0.90%
2018/8/23,4.43,4.39,4.44,4.37,2.14M,0.91%
2018/8/22,4.39,4.41,4.47,4.36,2.56M,-1.57%
2018/8/21,4.46,4.4,4.49,4.38,4.53M,1.59%
2018/8/20,4.39,4.36,4.42,4.32,4.61M,-0.45%
2018/8/17,4.41,4.46,4.53,4.4,3.00M,0.23%
2018/8/16,4.4,4.51,4.51,4.39,3.27M,-2.87%
2018/8/15,4.53,4.63,4.63,4.51,3.30M,-2.16%
2018/8/14,4.63,4.61,4.68,4.55,3.65M,-0.22%
2018/8/13,4.64,4.54,4.66,4.52,5.89M,1.09%
2018/8/10,4.59,4.56,4.64,4.55,4.74M,0.22%
2018/8/9,4.58,4.49,4.66,4.47,6.24M,2.00%
2018/8/8,4.49,4.5,4.56,4.48,4.46M,-0.88%
2018/8/7,4.53,4.34,4.55,4.34,4.49M,3.90%
2018/8/6,4.36,4.48,4.48,4.3,4.65M,-2.46%
2018/8/3,4.47,4.37,4.53,4.36,4.46M,1.13%
2018/8/2,4.42,4.55,4.56,4.28,6.94M,-2.86%
2018/8/1,4.55,4.53,4.61,4.49,5.98M,0.66%
2018/7/31,4.52,4.58,4.58,4.48,5.05M,-0.88%
2018/7/30,4.56,4.53,4.58,4.42,6.76M,0.22%
2018/7/27,4.55,4.54,4.58,4.49,4.83M,1.34%
2018/7/26,4.49,4.5,4.6,4.47,4.19M,-1.54%
2018/7/25,4.56,4.54,4.64,4.54,4.51M,-0.22%
2018/7/24,4.57,4.51,4.58,4.46,8.15M,1.33%
2018/7/23,4.51,4.47,4.55,4.45,3.78M,0.89%
2018/7/20,4.47,4.37,4.49,4.37,3.05M,2.29%
2018/7/19,4.37,4.46,4.49,4.35,3.44M,-2.46%
2018/7/18,4.48,4.47,4.52,4.44,3.25M,0.45%
2018/7/17,4.46,4.51,4.51,4.41,4.53M,-1.76%
2018/7/16,4.54,4.41,4.58,4.41,5.41M,2.95%
2018/7/13,4.41,4.42,4.44,4.38,2.40M,-0.68%
2018/7/12,4.44,4.25,4.46,4.23,6.69M,4.47%
2018/7/11,4.25,4.45,4.45,4.21,5.06M,-4.49%
2018/7/10,4.45,4.5,4.5,4.41,2.97M,-0.67%
2018/7/9,4.48,4.43,4.49,4.37,4.07M,2.52%
2018/7/6,4.37,4.33,4.42,4.23,5.01M,1.16%
2018/7/5,4.32,4.36,4.44,4.32,4.70M,-1.14%
2018/7/4,4.37,4.46,4.48,4.3,5.12M,-2.02%
2018/7/3,4.46,4.42,4.47,4.32,7.06M,0.22%
2018/7/2,4.45,4.53,4.54,4.41,14.54M,-2.84%
2018/6/29,4.58,4.5,4.64,4.41,12.56M,1.33%
2018/6/28,4.52,4.34,4.55,4.29,14.43M,2.49%
2018/6/27,4.41,4.35,4.51,4.25,12.12M,4.75%
2018/6/26,4.21,4.02,4.24,4.02,5.93M,3.44%
2018/6/25,4.07,4.16,4.21,4.05,3.95M,-1.93%
2018/6/22,4.15,4.02,4.17,3.98,4.59M,3.23%
2018/6/21,4.02,4.11,4.15,4.01,5.90M,-2.19%
2018/6/20,4.11,4.05,4.19,4.03,8.10M,1.73%
2018/6/19,4.04,4.4,4.4,4,8.21M,-8.18%
2018/6/15,4.4,4.41,4.45,4.32,8.11M,-1.12%
2018/6/14,4.45,4.62,4.64,4.24,17.82M,-5.32%
2018/6/13,4.7,4.74,4.77,4.69,4.36M,-1.47%
2018/6/12,4.77,4.63,4.78,4.61,5.20M,3.02%
2018/6/11,4.63,4.74,4.76,4.57,5.87M,-2.73%
2018/6/8,4.76,4.8,4.81,4.69,4.98M,0.00%
2018/6/7,4.76,4.76,4.83,4.73,4.97M,-0.42%
2018/6/6,4.78,4.69,4.79,4.69,5.79M,1.49%
2018/6/5,4.71,4.66,4.73,4.62,7.69M,0.43%
2018/6/4,4.69,4.79,4.79,4.58,11.19M,-4.87%
2018/6/1,4.93,4.98,5.09,4.9,6.52M,-1.20%
2018/5/31,4.99,4.98,5.03,4.93,5.38M,1.01%
2018/5/30,4.94,5.06,5.09,4.83,9.60M,-2.95%
2018/5/29,5.09,5.13,5.16,5.06,6.77M,-0.39%
2018/5/28,5.11,5.19,5.2,5.1,7.48M,-1.54%
2018/5/25,5.19,5.42,5.42,5.17,11.63M,-3.89%
2018/5/24,5.4,5.44,5.47,5.37,10.04M,-0.74%
2018/5/23,5.44,5.29,5.53,5.29,17.70M,2.26%
2018/5/22,5.32,5.36,5.36,5.27,6.92M,-0.75%
2018/5/21,5.36,5.35,5.41,5.33,9.30M,0.94%
2018/5/18,5.31,5.37,5.38,5.21,11.58M,-0.93%
2018/5/17,5.36,5.29,5.4,5.29,8.49M,0.56%
2018/5/16,5.33,5.37,5.44,5.31,7.45M,-0.93%
2018/5/15,5.38,5.37,5.42,5.31,11.81M,0.94%
2018/5/14,5.33,5.42,5.48,5.3,13.99M,-1.66%
2018/5/11,5.42,5.55,5.6,5.41,9.26M,-2.87%
2018/5/10,5.58,5.45,5.63,5.44,20.08M,2.39%
2018/5/9,5.45,5.5,5.51,5.42,14.56M,-1.62%
2018/5/8,5.54,5.48,5.65,5.46,17.54M,0.54%
2018/5/7,5.51,5.55,5.7,5.43,31.14M,0.55%
2018/5/4,5.48,5.26,5.55,5.21,31.19M,4.38%
2018/5/3,5.25,5.12,5.25,5.07,19.22M,2.54%
2018/5/2,5.12,5.06,5.3,5.06,19.64M,3.43%
2018/4/27,4.95,4.9,4.98,4.87,5.72M,1.23%
2018/4/26,4.89,5,5.03,4.88,7.68M,-0.41%
2018/4/25,4.91,4.89,4.98,4.89,5.51M,-0.61%
2018/4/24,4.94,4.92,4.97,4.83,6.38M,0.61%
2018/4/23,4.91,4.81,5.02,4.75,8.80M,2.08%
2018/4/20,4.81,4.91,4.91,4.76,5.72M,-1.84%
2018/4/19,4.9,4.72,5.04,4.72,9.81M,3.81%
2018/4/18,4.72,4.72,4.75,4.62,3.96M,0.64%
2018/4/17,4.69,4.82,4.82,4.65,4.01M,-1.68%
2018/4/16,4.77,4.82,4.84,4.76,3.77M,-0.83%
2018/4/13,4.81,4.78,4.87,4.78,3.93M,1.26%
2018/4/12,4.75,4.8,4.84,4.74,4.08M,-1.25%
2018/4/11,4.81,4.85,4.87,4.78,5.19M,0.00%
2018/4/10,4.81,4.8,4.84,4.72,3.38M,0.42%
2018/4/9,4.79,4.76,4.84,4.65,4.66M,0.63%
2018/4/4,4.76,4.82,4.89,4.75,3.81M,-1.04%
2018/4/3,4.81,4.85,4.88,4.79,3.73M,-2.04%
2018/4/2,4.91,4.91,4.95,4.89,4.51M,0.20%
2018/3/30,4.9,4.83,4.93,4.83,3.19M,1.66%
2018/3/29,4.82,4.82,4.85,4.79,3.62M,0.84%
2018/3/28,4.78,4.8,4.84,4.75,4.91M,-1.04%
2018/3/27,4.83,4.79,4.85,4.7,6.46M,1.47%
2018/3/26,4.76,4.61,4.8,4.56,7.08M,1.71%
2018/3/23,4.68,4.8,4.8,4.56,10.23M,-3.90%
2018/3/22,4.87,4.9,4.95,4.85,4.19M,-1.02%
2018/3/21,4.92,4.87,4.97,4.87,4.86M,1.23%
2018/3/20,4.86,4.9,4.9,4.83,4.32M,-0.82%
2018/3/19,4.9,4.89,4.94,4.87,5.52M,-0.41%
2018/3/16,4.92,4.93,4.97,4.91,5.08M,0.00%
2018/3/15,4.92,5.05,5.05,4.9,7.42M,-2.57%
2018/3/14,5.05,5.09,5.11,5.02,6.79M,-0.79%
2018/3/13,5.09,5.16,5.19,5.06,7.79M,-1.17%
2018/3/12,5.15,5.14,5.22,5.1,8.97M,0.39%
2018/3/9,5.13,5.09,5.14,5.06,4.62M,0.79%
2018/3/8,5.09,5.02,5.1,5.02,3.03M,0.59%
2018/3/7,5.06,5.13,5.13,5.04,3.48M,-1.36%
2018/3/6,5.13,5.12,5.15,5.08,3.93M,0.20%
2018/3/5,5.12,5.16,5.16,5.11,2.59M,-0.78%
2018/3/2,5.16,5.16,5.19,5.08,5.49M,-0.19%
2018/3/1,5.17,5.14,5.2,5.11,3.44M,0.58%
2018/2/28,5.14,5.04,5.21,5.04,6.27M,1.18%
2018/2/27,5.08,5.09,5.13,5.05,5.46M,-0.20%
2018/2/26,5.09,5.08,5.13,5,5.73M,0.20%
2018/2/23,5.08,5.07,5.08,5,4.77M,0.00%
2018/2/22,5.08,5.05,5.1,5.02,2.61M,0.99%
2018/2/14,5.03,4.94,5.07,4.92,3.78M,1.62%
2018/2/13,4.95,4.9,4.95,4.87,3.35M,0.81%
2018/2/12,4.91,4.7,4.97,4.68,8.06M,5.14%
2018/2/9,4.67,4.65,4.72,4.57,8.14M,-1.68%
2018/2/8,4.75,4.69,4.8,4.64,5.37M,-0.21%
2018/2/7,4.76,4.69,4.78,4.62,7.63M,2.81%
2018/2/6,4.63,4.82,4.82,4.61,10.07M,-4.93%
2018/2/5,4.87,4.96,4.97,4.83,5.95M,-2.40%
2018/2/2,4.99,5.03,5.03,4.86,6.70M,-0.99%
2018/2/1,5.04,5.15,5.21,4.95,10.66M,-2.33%
2018/1/31,5.16,5.16,5.22,5.07,7.05M,0.00%
2018/1/30,5.16,5.17,5.22,5.13,3.97M,-0.19%
2018/1/29,5.17,5.3,5.36,5.17,9.06M,-3.00%
2018/1/26,5.33,5.31,5.44,5.27,8.83M,0.19%
2018/1/25,5.32,5.2,5.33,5.2,10.11M,1.72%
2018/1/24,5.23,5.2,5.25,5.18,6.61M,1.36%
2018/1/23,5.16,5.19,5.2,5.14,3.66M,-0.58%
2018/1/22,5.19,5.11,5.2,5.05,5.11M,1.57%
2018/1/19,5.11,5.14,5.17,5.09,4.98M,-0.39%
2018/1/18,5.13,5.12,5.19,5.08,5.45M,-0.39%
2018/1/17,5.15,5.1,5.16,5.01,9.96M,-0.19%
2018/1/16,5.16,5.17,5.25,5.06,12.95M,-0.19%
2018/1/15,5.17,5.25,5.28,5.16,11.03M,-2.27%
2018/1/12,5.29,5.31,5.33,5.27,5.07M,-0.56%
2018/1/11,5.32,5.32,5.34,5.25,8.01M,-1.30%
2018/1/10,5.39,5.35,5.43,5.32,10.10M,0.94%
2018/1/9,5.34,5.36,5.39,5.31,6.93M,-0.93%
2018/1/8,5.39,5.44,5.46,5.3,9.15M,-1.46%
2018/1/5,5.47,5.47,5.51,5.42,9.64M,-0.18%
2018/1/4,5.48,5.49,5.51,5.42,10.38M,-0.18%
2018/1/3,5.49,5.44,5.5,5.4,10.83M,0.92%
2018/1/2,5.44,5.38,5.49,5.35,8.02M,0.93%
2017/12/29,5.39,5.28,5.4,5.28,7.97M,1.89%
2017/12/28,5.29,5.39,5.4,5.28,10.93M,-1.67%
2017/12/27,5.38,5.54,5.56,5.36,13.51M,-3.41%
2017/12/26,5.57,5.48,5.58,5.41,11.72M,1.09%
2017/12/25,5.51,5.61,5.62,5.44,16.96M,-2.13%
2017/12/22,5.63,5.41,5.71,5.38,29.40M,4.26%
2017/12/21,5.4,5.33,5.42,5.18,10.87M,1.12%
2017/12/20,5.34,5.35,5.39,5.3,6.18M,0.19%
2017/12/19,5.33,5.28,5.39,5.28,7.80M,1.14%
2017/12/18,5.27,5.26,5.32,5.22,6.74M,0.00%
2017/12/15,5.27,5.39,5.39,5.25,9.03M,-2.23%
2017/12/14,5.39,5.46,5.48,5.35,10.14M,-1.10%
2017/12/13,5.45,5.43,5.53,5.39,12.43M,0.55%
2017/12/12,5.42,5.38,5.55,5.33,17.42M,0.56%
2017/12/11,5.39,5.3,5.42,5.25,14.99M,1.51%
2017/12/8,5.31,5.24,5.34,5.22,14.10M,1.34%
2017/12/7,5.24,5.33,5.36,5.19,16.48M,-2.06%
2017/12/6,5.35,5.15,5.39,5.13,16.35M,3.88%
2017/12/5,5.15,5.32,5.4,5.09,16.97M,-3.74%
2017/12/4,5.35,5.5,5.5,5.26,14.77M,-2.19%
2017/12/1,5.47,5.44,5.51,5.39,14.93M,0.55%
2017/11/30,5.44,5.63,5.69,5.39,24.09M,-4.56%
2017/11/29,5.7,5.9,5.9,5.59,15.12M,-2.06%
2017/11/28,5.82,5.69,5.82,5.69,12.62M,2.11%
2017/11/27,5.7,5.98,6,5.7,20.11M,-5.47%
2017/11/24,6.03,5.98,6.15,5.93,14.40M,1.17%
2017/11/23,5.96,6.19,6.24,5.92,20.15M,-4.79%
2017/11/22,6.26,6.35,6.5,6.1,26.73M,-2.34%
2017/11/21,6.41,6.37,6.42,6.25,33.63M,0.94%
2017/11/20,6.35,5.89,6.45,5.68,46.10M,7.99%
2017/11/17,5.88,6.2,6.24,5.81,34.76M,-5.92%
2017/11/16,6.25,6.05,6.28,5.92,36.48M,2.12%
2017/11/15,6.12,6.11,6.36,6.04,40.47M,1.16%
2017/11/14,6.05,6.3,6.36,6.04,38.41M,-2.58%
2017/11/13,6.21,6.38,6.48,6.15,77.47M,1.97%
2017/11/10,6.09,5.53,6.09,5.52,56.09M,9.93%
2017/11/9,5.54,5.62,5.63,5.47,15.03M,-1.25%
2017/11/8,5.61,5.67,5.73,5.57,13.09M,-1.41%
2017/11/7,5.69,5.75,5.89,5.66,16.72M,-1.22%
2017/11/6,5.76,5.6,5.81,5.57,23.38M,2.31%
2017/11/3,5.63,5.68,5.68,5.5,21.62M,-1.05%
2017/11/2,5.69,5.28,5.7,5.26,26.28M,7.77%
2017/11/1,5.28,5.36,5.39,5.24,10.25M,-0.56%
2017/10/31,5.31,5.19,5.33,5.13,16.44M,5.36%
2017/10/30,5.04,5.17,5.22,4.99,9.04M,-2.70%
2017/10/27,5.18,5.23,5.26,5.17,5.53M,-0.96%
2017/10/26,5.23,5.26,5.27,5.21,4.40M,-0.76%
2017/10/25,5.27,5.25,5.28,5.2,3.72M,-0.19%
2017/10/24,5.28,5.28,5.29,5.2,4.00M,-0.38%
2017/10/23,5.3,5.39,5.39,5.27,4.10M,-1.12%
2017/10/20,5.36,5.24,5.39,5.19,8.61M,1.52%
2017/10/19,5.28,5.23,5.29,5.06,13.03M,0.96%
2017/10/18,5.23,5.25,5.3,5.2,4.50M,-0.57%
2017/10/17,5.26,5.29,5.31,5.22,5.58M,-0.94%
2017/10/16,5.31,5.42,5.44,5.24,6.84M,-1.85%
2017/10/13,5.41,5.38,5.42,5.36,5.03M,0.19%
2017/10/12,5.4,5.38,5.44,5.35,6.17M,0.00%
2017/10/11,5.4,5.46,5.48,5.36,12.90M,-1.46%
2017/10/10,5.48,5.64,5.69,5.4,17.74M,-2.84%
2017/10/9,5.64,5.77,5.79,5.59,8.48M,-1.23%
2017/9/29,5.71,5.71,5.76,5.68,4.95M,0.00%
2017/9/28,5.71,5.64,5.8,5.6,8.18M,1.42%
2017/9/27,5.63,5.6,5.67,5.54,3.96M,0.72%
2017/9/26,5.59,5.63,5.67,5.51,5.90M,0.18%
2017/9/25,5.58,5.8,5.82,5.51,11.31M,-3.46%
2017/9/22,5.78,5.73,5.85,5.67,9.96M,0.00%
2017/9/21,5.78,5.81,5.93,5.77,10.15M,-0.17%
2017/9/20,5.79,5.78,5.84,5.69,8.34M,0.00%
2017/9/19,5.79,5.89,6.02,5.78,14.93M,-1.36%
2017/9/18,5.87,5.65,5.88,5.65,15.70M,4.08%
2017/9/15,5.64,5.75,5.84,5.61,19.13M,-1.74%
2017/9/14,5.74,5.84,6.01,5.72,38.15M,-1.03%
2017/9/13,5.8,5.47,5.83,5.43,28.21M,5.26%
2017/9/12,5.51,5.32,5.61,5.29,32.88M,4.16%
2017/9/11,5.29,5.27,5.32,5.25,9.11M,0.19%
2017/9/8,5.28,5.26,5.35,5.25,12.14M,0.19%
2017/9/7,5.27,5.3,5.37,5.25,16.20M,-1.31%
2017/9/6,5.34,5.21,5.37,5.2,15.83M,2.10%
2017/9/5,5.23,5.29,5.3,5.19,16.50M,-1.13%
2017/9/4,5.29,5.01,5.3,4.99,27.35M,6.01%
2017/9/1,4.99,4.98,5.02,4.94,9.08M,0.40%
2017/8/31,4.97,4.97,4.98,4.92,7.64M,-0.40%
2017/8/30,4.99,4.96,5.02,4.92,14.65M,-0.20%
2017/8/29,5,4.81,5.06,4.81,31.50M,4.38%
2017/8/28,4.79,4.76,4.81,4.74,7.03M,0.63%
2017/8/25,4.76,4.75,4.78,4.71,6.73M,0.42%
2017/8/24,4.74,4.78,4.79,4.72,4.12M,-0.63%
2017/8/23,4.77,4.81,4.83,4.76,4.55M,-1.04%
2017/8/22,4.82,4.87,4.87,4.79,5.62M,-0.82%
2017/8/21,4.86,4.85,4.87,4.82,4.06M,0.21%
2017/8/18,4.85,4.86,4.87,4.83,4.85M,-0.61%
2017/8/17,4.88,4.87,4.9,4.84,5.65M,0.41%
2017/8/16,4.86,4.87,4.87,4.81,7.42M,-0.21%
2017/8/15,4.87,4.77,4.91,4.74,10.75M,2.31%
2017/8/14,4.76,4.7,4.77,4.7,3.68M,0.85%
2017/8/11,4.72,4.78,4.78,4.69,5.85M,-1.67%
2017/8/10,4.8,4.82,4.85,4.75,7.78M,-0.41%
2017/8/9,4.82,4.8,4.85,4.76,6.53M,0.84%
2017/8/8,4.78,4.79,4.8,4.74,5.40M,-0.21%
2017/8/7,4.79,4.74,4.8,4.74,5.07M,0.84%
2017/8/4,4.75,4.8,4.82,4.74,8.24M,-1.04%
2017/8/3,4.8,4.8,4.82,4.73,7.82M,-0.21%
2017/8/2,4.81,4.74,4.85,4.72,12.17M,1.48%
2017/8/1,4.74,4.75,4.75,4.71,5.39M,-0.21%
2017/7/31,4.75,4.72,4.76,4.69,4.13M,0.64%
2017/7/28,4.72,4.72,4.77,4.71,4.12M,-0.42%
2017/7/27,4.74,4.7,4.75,4.65,5.27M,0.85%
2017/7/26,4.7,4.75,4.75,4.67,3.90M,-0.42%
2017/7/25,4.72,4.7,4.76,4.67,5.00M,-0.21%
2017/7/24,4.73,4.66,4.76,4.65,6.01M,1.28%
2017/7/21,4.67,4.65,4.7,4.65,4.52M,0.00%
2017/7/20,4.67,4.6,4.7,4.6,5.63M,1.08%
2017/7/19,4.62,4.6,4.63,4.55,8.56M,0.43%
2017/7/18,4.6,4.59,4.62,4.52,5.99M,0.22%
2017/7/17,4.59,4.84,4.84,4.57,8.81M,-5.36%
2017/7/14,4.85,4.86,4.88,4.81,3.63M,-0.21%
2017/7/13,4.86,4.84,4.87,4.82,4.05M,0.41%
2017/7/12,4.84,4.89,4.9,4.75,6.27M,-1.22%
2017/7/11,4.9,4.93,4.96,4.86,6.79M,-1.21%
2017/7/10,4.96,4.85,4.96,4.83,10.98M,2.27%
2017/7/7,4.85,4.8,4.86,4.79,4.57M,0.41%
2017/7/6,4.83,4.85,4.86,4.78,5.91M,-0.62%
2017/7/5,4.86,4.82,4.87,4.8,5.04M,0.83%
2017/7/4,4.82,4.84,4.84,4.79,5.76M,-0.62%
2017/7/3,4.85,4.79,4.85,4.77,5.63M,1.04%
2017/6/30,4.8,4.75,4.82,4.74,8.23M,1.05%
2017/6/29,4.75,4.7,4.76,4.69,4.74M,1.06%
2017/6/28,4.7,4.74,4.74,4.69,3.93M,-0.63%
2017/6/27,4.73,4.72,4.76,4.71,4.79M,0.00%
2017/6/26,4.73,4.69,4.74,4.66,4.91M,1.07%
2017/6/23,4.68,4.73,4.75,4.59,8.09M,-1.06%
2017/6/22,4.73,4.82,4.82,4.72,5.54M,-1.87%
2017/6/21,4.82,4.82,4.83,4.77,4.86M,0.00%
2017/6/20,4.82,4.82,4.84,4.8,5.93M,0.00%
2017/6/19,4.82,4.76,4.83,4.76,6.61M,0.84%
2017/6/16,4.78,4.8,4.81,4.75,5.22M,-0.21%
2017/6/15,4.79,4.72,4.81,4.7,8.12M,1.48%
2017/6/14,4.72,4.74,4.76,4.69,6.52M,-0.21%
2017/6/13,4.73,4.66,4.74,4.64,4.75M,1.50%
2017/6/12,4.66,4.73,4.75,4.64,9.16M,-2.31%
2017/6/9,4.77,4.8,4.82,4.72,7.77M,-0.63%
2017/6/8,4.8,4.84,4.89,4.79,10.78M,-1.44%
2017/6/7,4.87,4.75,4.88,4.73,15.97M,1.46%
2017/6/6,4.8,4.68,4.97,4.68,18.77M,3.23%
2017/6/5,4.65,4.62,4.67,4.59,6.58M,0.65%
2017/6/2,4.62,4.54,4.64,4.49,6.98M,1.54%
2017/6/1,4.55,4.65,4.66,4.53,6.80M,-2.15%
2017/5/31,4.65,4.72,4.75,4.64,6.83M,-0.43%
2017/5/26,4.67,4.62,4.7,4.62,8.24M,0.65%
2017/5/25,4.64,4.62,4.66,4.53,10.59M,0.43%
2017/5/24,4.62,4.65,4.67,4.53,12.39M,-1.28%
2017/5/23,4.68,4.88,4.91,4.67,8.08M,-4.10%
2017/5/22,4.88,4.95,5,4.86,11.24M,-1.61%
2017/5/19,4.96,4.91,5.05,4.84,13.20M,1.02%
2017/5/18,4.91,4.96,4.97,4.9,7.71M,-1.01%
2017/5/17,4.96,4.9,4.98,4.89,11.41M,0.20%
2017/5/16,4.95,4.91,4.96,4.72,14.86M,1.02%
2017/5/15,4.9,4.93,4.94,4.88,7.43M,-0.20%
2017/5/12,4.91,5.07,5.07,4.89,17.08M,-3.35%
2017/5/11,5.08,5.21,5.21,4.91,11.03M,-2.50%
2017/5/10,5.21,5.4,5.43,5.19,8.41M,-3.70%
2017/5/9,5.41,5.37,5.42,5.33,6.57M,0.93%
2017/5/8,5.36,5.49,5.52,5.36,6.92M,-2.55%
2017/5/5,5.5,5.55,5.56,5.47,8.85M,-1.61%
2017/5/4,5.59,5.46,5.65,5.38,20.48M,2.38%
2017/5/3,5.46,5.5,5.55,5.45,9.79M,-1.09%
2017/5/2,5.52,5.52,5.53,5.48,11.30M,-1.78%
2017/4/28,5.62,5.86,5.86,5.47,30.35M,-5.55%
2017/4/27,5.95,5.97,5.97,5.83,6.71M,-0.34%
2017/4/26,5.97,5.95,6,5.93,4.48M,0.67%
2017/4/25,5.93,5.96,6.02,5.91,4.98M,0.17%
2017/4/24,5.92,6.13,6.14,5.91,9.10M,-3.27%
2017/4/21,6.12,6.14,6.17,6.1,5.23M,-0.33%
2017/4/20,6.14,6.15,6.24,6.08,8.24M,-0.65%
2017/4/19,6.18,6.37,6.38,6.08,14.92M,-3.13%
2017/4/18,6.38,6.51,6.53,6.35,11.94M,-2.00%
2017/4/17,6.51,6.62,6.66,6.49,8.63M,-2.40%
2017/4/14,6.67,6.79,6.79,6.59,17.80M,-2.49%
2017/4/13,6.84,6.47,6.95,6.45,33.04M,5.56%
2017/4/12,6.48,6.62,6.62,6.47,9.03M,-2.11%
2017/4/11,6.62,6.67,6.67,6.51,11.38M,-0.30%
2017/4/10,6.64,6.65,6.72,6.57,11.55M,-0.60%
2017/4/7,6.68,6.48,6.72,6.48,17.52M,2.77%
2017/4/6,6.5,6.53,6.54,6.48,7.17M,-0.76%
2017/4/5,6.55,6.39,6.57,6.39,14.97M,3.48%
2017/3/31,6.33,6.3,6.34,6.27,5.21M,0.64%
2017/3/30,6.29,6.38,6.38,6.22,10.68M,-1.56%
2017/3/29,6.39,6.45,6.46,6.38,8.13M,-0.93%
2017/3/28,6.45,6.48,6.5,6.44,6.73M,-0.62%
2017/3/27,6.49,6.51,6.52,6.48,5.04M,-0.31%
2017/3/24,6.51,6.49,6.52,6.46,7.68M,0.15%
2017/3/23,6.5,6.54,6.57,6.47,8.35M,-0.61%
2017/3/22,6.54,6.62,6.63,6.5,11.83M,-1.51%
2017/3/21,6.64,6.65,6.66,6.62,5.01M,-0.15%
2017/3/20,6.65,6.63,6.67,6.61,5.92M,-0.30%
2017/3/17,6.67,6.7,6.71,6.65,10.82M,-0.30%
2017/3/16,6.69,6.66,6.7,6.66,8.68M,0.60%
2017/3/15,6.65,6.66,6.68,6.64,4.49M,-0.30%
2017/3/14,6.67,6.74,6.74,6.66,9.06M,-1.04%
2017/3/13,6.74,6.65,6.76,6.61,9.63M,1.51%
2017/3/10,6.64,6.66,6.68,6.63,4.54M,-0.15%
2017/3/9,6.65,6.67,6.71,6.64,8.13M,-0.45%
2017/3/8,6.68,6.71,6.71,6.65,7.06M,-0.45%
2017/3/7,6.71,6.7,6.72,6.67,8.45M,0.45%
2017/3/6,6.68,6.61,6.69,6.61,12.77M,1.06%
2017/3/3,6.61,6.65,6.65,6.58,8.11M,-0.30%
2017/3/2,6.63,6.7,6.72,6.61,14.06M,-1.04%
2017/3/1,6.7,6.7,6.71,6.66,10.44M,0.00%
2017/2/28,6.7,6.71,6.72,6.67,8.27M,-0.15%
2017/2/27,6.71,6.74,6.74,6.7,7.34M,-0.45%
2017/2/24,6.74,6.7,6.74,6.68,8.42M,0.75%
2017/2/23,6.69,6.76,6.76,6.67,16.95M,-0.74%
2017/2/22,6.74,6.74,6.77,6.72,9.31M,-0.44%
2017/2/21,6.77,6.75,6.77,6.69,13.68M,0.74%
2017/2/20,6.72,6.77,6.79,6.68,17.71M,-1.03%
2017/2/17,6.79,6.82,6.84,6.72,10.16M,-0.59%
2017/2/16,6.83,6.82,6.84,6.72,8.77M,0.29%
2017/2/15,6.81,6.89,6.91,6.78,12.25M,-1.16%
2017/2/14,6.89,6.93,6.96,6.87,11.13M,-0.43%
2017/2/13,6.92,6.96,6.99,6.86,11.65M,-0.29%
2017/2/10,6.94,6.8,6.95,6.79,17.56M,2.21%
2017/2/9,6.79,6.83,6.94,6.75,21.97M,-0.44%
2017/2/8,6.82,6.88,6.88,6.72,8.62M,-0.87%
2017/2/7,6.88,6.94,6.94,6.85,3.67M,-0.58%
2017/2/6,6.92,6.91,6.99,6.86,5.21M,-0.29%
2017/2/3,6.94,6.96,6.98,6.84,4.51M,0.14%
2017/1/26,6.93,6.93,7.01,6.92,2.22M,0.00%
2017/1/25,6.93,6.96,6.97,6.9,3.54M,-0.72%
2017/1/24,6.98,6.93,6.98,6.86,2.58M,0.43%
2017/1/23,6.95,6.75,6.95,6.73,5.46M,2.96%
2017/1/20,6.75,6.69,6.77,6.67,3.41M,0.60%
2017/1/19,6.71,6.75,6.76,6.69,2.99M,-0.74%
2017/1/18,6.76,6.8,6.83,6.7,3.00M,-0.59%
2017/1/17,6.8,6.86,6.89,6.66,4.45M,-1.02%
2017/1/16,6.87,7.05,7.08,6.51,9.97M,-3.10%
2017/1/13,7.09,7.02,7.1,6.99,5.38M,0.00%
2017/1/12,7.09,7.09,7.16,7.03,5.95M,-0.14%
2017/1/11,7.1,7.05,7.17,7.01,8.98M,1.28%
2017/1/10,7.01,7.08,7.09,7.01,4.25M,-0.43%
2017/1/9,7.04,7.1,7.11,7,7.03M,-0.56%
2017/1/6,7.08,7.18,7.18,7.06,4.56M,-1.26%
2017/1/5,7.17,7.14,7.19,7.11,4.58M,0.28%
2017/1/4,7.15,7.14,7.17,7.08,4.66M,0.00%
2017/1/3,7.15,7.12,7.16,7.08,4.97M,0.42%
2016/12/30,7.12,6.94,7.22,6.94,14.42M,2.59%
2016/12/29,6.94,6.78,6.95,6.77,8.10M,2.21%
2016/12/28,6.79,6.79,6.84,6.76,4.97M,-0.15%
2016/12/27,6.8,6.84,6.84,6.74,5.71M,-0.58%
2016/12/26,6.84,6.77,6.85,6.58,5.43M,0.88%
2016/12/23,6.78,6.82,6.82,6.75,4.74M,-0.88%
2016/12/22,6.84,6.81,6.85,6.77,6.46M,-0.15%
2016/12/21,6.85,6.87,6.87,6.79,7.09M,-0.15%
2016/12/20,6.86,6.92,6.92,6.78,5.13M,-0.58%
2016/12/19,6.9,6.89,6.94,6.84,5.63M,0.00%
2016/12/16,6.9,6.81,6.92,6.79,5.80M,1.02%
2016/12/15,6.83,6.75,6.85,6.73,4.78M,0.74%
2016/12/14,6.78,6.81,6.84,6.65,8.94M,0.00%
2016/12/13,6.78,6.84,6.9,6.7,9.15M,-0.88%
2016/12/12,6.84,7.19,7.25,6.82,11.84M,-5.00%
2016/12/9,7.2,7.32,7.34,7.18,8.53M,-1.64%
2016/12/8,7.32,7.39,7.43,7.3,6.54M,-0.95%
2016/12/7,7.39,7.31,7.4,7.28,5.98M,0.96%
2016/12/6,7.32,7.3,7.35,7.24,6.26M,0.27%
2016/12/5,7.3,7.25,7.41,7.22,10.14M,-0.41%
2016/12/2,7.33,7.52,7.58,7.29,11.58M,-2.66%
2016/12/1,7.53,7.45,7.67,7.45,13.38M,0.94%
2016/11/30,7.46,7.59,7.6,7.41,12.32M,-1.84%
2016/11/29,7.6,7.77,7.77,7.56,17.23M,-2.69%
2016/11/28,7.81,7.73,8.03,7.7,16.79M,0.90%
2016/11/25,7.74,7.79,7.85,7.51,15.66M,-0.77%
2016/11/24,7.8,8,8.05,7.73,18.59M,-2.74%
2016/11/23,8.02,8.22,8.23,7.95,25.67M,-2.79%
2016/11/22,8.25,7.8,8.5,7.8,58.43M,6.18%
2016/11/21,7.77,7.97,7.97,7.68,48.68M,3.46%
2016/11/18,7.51,7.46,7.59,7.37,10.81M,0.81%
2016/11/17,7.45,7.48,7.56,7.43,8.06M,-1.06%
2016/11/16,7.53,7.5,7.65,7.41,16.56M,0.94%
2016/11/15,7.46,7.61,7.62,7.42,16.80M,-1.84%
2016/11/14,7.6,7.19,7.78,7.17,36.88M,5.85%
2016/11/11,7.18,7.16,7.19,7.13,6.97M,0.14%
2016/11/10,7.17,7.12,7.18,7.12,6.82M,1.27%
2016/11/9,7.08,7.24,7.24,7.04,7.90M,-1.53%
2016/11/8,7.19,7.24,7.25,7.16,5.92M,-0.14%
2016/11/7,7.2,7.25,7.26,7.16,6.07M,-0.55%
2016/11/4,7.24,7.34,7.34,7.21,8.11M,-1.09%
2016/11/3,7.32,7.26,7.32,7.18,11.40M,0.83%
2016/11/2,7.26,7.35,7.35,7.22,8.60M,-1.36%
2016/11/1,7.36,7.32,7.39,7.31,13.06M,0.55%
2016/10/31,7.32,7.12,7.35,7.12,13.17M,2.23%
2016/10/28,7.16,7.24,7.3,7.13,10.07M,-1.38%
2016/10/27,7.26,7.35,7.44,7.24,10.63M,-1.22%
2016/10/26,7.35,7.23,7.5,7.23,20.31M,2.23%
2016/10/25,7.19,7.19,7.23,7.14,7.58M,0.28%
2016/10/24,7.17,7.12,7.18,7.09,7.20M,0.99%
2016/10/21,7.1,7.13,7.17,7.04,6.62M,-0.28%
2016/10/20,7.12,7.12,7.15,7.1,4.81M,0.00%
2016/10/19,7.12,7.16,7.16,7.1,4.73M,-0.14%
2016/10/18,7.13,7.08,7.15,7.06,5.28M,0.56%
2016/10/17,7.09,7.14,7.17,7.08,6.44M,-0.42%
2016/10/14,7.12,7.12,7.13,7.07,3.69M,0.00%
2016/10/13,7.12,7.16,7.16,7.09,5.30M,-0.56%
2016/10/12,7.16,7.1,7.2,7.07,7.97M,0.56%
2016/10/11,7.12,7.12,7.13,7.05,5.94M,0.28%
2016/10/10,7.1,7.01,7.14,7,7.82M,1.28%
2016/9/30,7.01,6.97,7.01,6.9,2.87M,0.43%
2016/9/29,6.98,6.96,7,6.94,3.95M,0.43%
2016/9/28,6.95,6.98,7.03,6.94,3.01M,-0.29%
2016/9/27,6.97,6.94,7,6.9,4.26M,0.58%
2016/9/26,6.93,7.08,7.12,6.93,6.66M,-1.84%
2016/9/23,7.06,7.09,7.1,7.03,2.90M,0.00%
2016/9/22,7.06,7.09,7.13,7.04,5.15M,0.00%
2016/9/21,7.06,7.08,7.09,7.03,2.70M,0.00%
2016/9/20,7.06,7.04,7.09,7.02,2.93M,0.14%
2016/9/19,7.05,6.96,7.07,6.96,4.47M,1.29%
